photo_id,rejected_as,title,rationale,flickr_url,date_taken,source_tag_label
51813125634,artwork_illustration,"#JWSTArt - by Manoj S Kale","#JWSTArt campaign submission; digital art inspired by Webb, not observational data.",https://www.flickr.com/photos/nasawebbtelescope/51813125634,2022-01-10 13:48:03,
51831200607,artwork_illustration,"#UnfoldtheUniverse art - by Adam Maxwell","Student art submission to #UnfoldTheUniverse campaign. Hand-drawn artwork inspired by JWST, not observational data.",https://www.flickr.com/photos/nasawebbtelescope/51831200607,2022-01-20 11:58:29,
51831200632,artwork_illustration,"#UnfoldtheUniverse art - by Anastasia Lewon","Student artwork submission to #UnfoldtheUniverse campaign. Not observational data; explicitly an art creation inspired by JWST discovery possibilities.",https://www.flickr.com/photos/nasawebbtelescope/51831200632,2022-01-20 11:58:30,
51831200647,artwork_illustration,"#UnfoldtheUniverse art - by Alissa Ahmed","Student artwork submission to #UnfoldTheUniverse campaign. Hand-drawn illustration with colored pencils depicting space-themed objects (rocket, planets, UFO, satellite), not observational data.",https://www.flickr.com/photos/nasawebbtelescope/51831200647,2022-01-20 11:58:30,
51831200707,artwork_illustration,"#UnfoldtheUniverse art - by Jordan Baca","Student art submission to #UnfoldTheUniverse campaign. Abstract painting inspired by JWST, not observational data.",https://www.flickr.com/photos/nasawebbtelescope/51831200707,2022-01-20 11:58:33,
51831200827,artwork_illustration,"#UnfoldtheUniverse art - by Shawn Calt","Student art submission for #UnfoldTheUniverse campaign. No observational data; artistic concept of hexagonal mirror arrangement.",https://www.flickr.com/photos/nasawebbtelescope/51831200827,2022-01-20 11:58:38,
51831200842,artwork_illustration,"#UnfoldtheUniverse art - by Xzylle Rico","Student hand-drawn art submission to #UnfoldtheUniverse campaign; not observational data but creative interpretation inspired by JWST mission.",https://www.flickr.com/photos/nasawebbtelescope/51831200842,2022-01-20 11:58:39,
51831359677,artwork_illustration,"#UnfoldTheUniverse art - by Adam Noureddine","Community art submission to #UnfoldTheUniverse campaign; painting inspired by Webb discoveries, not observational data.",https://www.flickr.com/photos/nasawebbtelescope/51831359677,2022-01-12 00:22:13,
51832144096,artwork_illustration,"#UnfoldtheUniverse art - by Abigail Bencomo","Student art submission to #UnfoldTheUniverse campaign. Hand-drawn sketches of space-themed subjects inspired by JWST, not observational data.",https://www.flickr.com/photos/nasawebbtelescope/51832144096,2022-01-20 11:58:31,
51832144146,artwork_illustration,"#UnfoldtheUniverse art - by Audrey McCullough","Student art submission to #UnfoldTheUniverse campaign. Hand-drawn illustration inspired by JWST, not observational data.",https://www.flickr.com/photos/nasawebbtelescope/51832144146,2022-01-20 11:58:32,
51832144186,artwork_illustration,"#UnfoldtheUniverse art - by Jordan Murray","#UnfoldTheUniverse art campaign submission by high school student. Sketch of alien figure, not observational data.",https://www.flickr.com/photos/nasawebbtelescope/51832144186,2022-01-20 11:58:34,
51832144201,artwork_illustration,"#UnfoldtheUniverse art - by Julianne Medina","Student art submission to #UnfoldTheUniverse campaign. Original artwork inspired by space exploration, not telescope observation data.",https://www.flickr.com/photos/nasawebbtelescope/51832144201,2022-01-20 11:58:34,
51832144246,artwork_illustration,"#UnfoldtheUniverse art - by Sara Clendennen","Student art submission to #UnfoldTheUniverse campaign. Hand-drawn illustration inspired by JWST, not observational data.",https://www.flickr.com/photos/nasawebbtelescope/51832144246,2022-01-20 11:58:37,
51832144296,artwork_illustration,"#UnfoldtheUniverse art - by Wyatt Logan","Student haiku art submission for #UnfoldTheUniverse campaign. No observational data; artistic expression about JWST inspired by nature imagery.",https://www.flickr.com/photos/nasawebbtelescope/51832144296,2022-01-20 11:58:38,
51832253898,artwork_illustration,"#UnfoldTheUniverse art - by Grayson Shaw","Student art submission to #UnfoldTheUniverse campaign, explicitly noted as art inspired by JWST discoveries, not observational data.",https://www.flickr.com/photos/nasawebbtelescope/51832253898,2022-01-20 11:54:16,
51832260698,artwork_illustration,"#UnfoldtheUniverse art - by Autumn Ashcraft","Student art submission to #UnfoldTheUniverse campaign. Depicts imaginative space scene, not observational data from Webb.",https://www.flickr.com/photos/nasawebbtelescope/51832260698,2022-01-20 11:58:31,
51832260763,artwork_illustration,"#UnfoldtheUniverse art - by Joseph Benbow","Student art submission to #UnfoldTheUniverse campaign. Creative interpretation inspired by JWST, not observational data.",https://www.flickr.com/photos/nasawebbtelescope/51832260763,2022-01-20 11:58:34,
51832260793,artwork_illustration,"#UnfoldtheUniverse art - by Lashawn Lane","Student art submission to #UnfoldTheUniverse campaign. Hand-drawn illustration inspired by JWST, not observational data.",https://www.flickr.com/photos/nasawebbtelescope/51832260793,2022-01-20 11:58:35,
51832260818,artwork_illustration,"#UnfoldtheUniverse art - by Lucas Ruiz","Student art submission to #UnfoldTheUniverse campaign inspired by JWST, not observational data from the telescope.",https://www.flickr.com/photos/nasawebbtelescope/51832260818,2022-01-20 11:58:36,
51832467358,artwork_illustration,"#UnfoldTheUniverse art - by Josielly Figuerédo do Rêgo Leite Sousa","#UnfoldTheUniverse is a JWST art campaign for community submissions inspired by the telescope, not observational data.",https://www.flickr.com/photos/nasawebbtelescope/51832467358,2022-01-20 14:08:15,
51832496254,artwork_illustration,"#UnfoldtheUniverse art - by Christopher Castrejon","Student art submission to #UnfoldTheUniverse campaign, explicitly not observational data. Colored illustration inspired by JWST.",https://www.flickr.com/photos/nasawebbtelescope/51832496254,2022-01-20 11:58:32,
51832496454,artwork_illustration,"#UnfoldtheUniverse art - by Nickolas Perea","Student art submission from #UnfoldTheUniverse campaign. Contains poetic text overlaid on landscape imagery, not observational astronomical data.",https://www.flickr.com/photos/nasawebbtelescope/51832496454,2022-01-20 11:58:38,
51832878255,artwork_illustration,"#UnfoldtheUniverse art - by Aaron Portillo","Student art submission to #UnfoldTheUniverse campaign. Hand-drawn sketch with colored elements, not observational data. No actual Webb observations.",https://www.flickr.com/photos/nasawebbtelescope/51832878255,2022-01-20 11:58:29,
51832878495,artwork_illustration,"#UnfoldtheUniverse art - by Simon Totaro","Student art submission to #UnfoldTheUniverse campaign. Clearly stated as art inspired by JWST, not observational data.",https://www.flickr.com/photos/nasawebbtelescope/51832878495,2022-01-20 11:58:39,
51833038445,artwork_illustration,"#UnfoldTheUniverse art - by Adam Noureddine","#UnfoldTheUniverse art campaign submission. Painting inspired by Webb, not observational data.",https://www.flickr.com/photos/nasawebbtelescope/51833038445,2022-01-20 13:35:56,
51833081725,artwork_illustration,"#UnfoldTheUniverse art - by Durva Lohar","Community art submission to #UnfoldTheUniverse campaign. Child's drawing of rocket and planets inspired by Webb's science, not observational data.",https://www.flickr.com/photos/nasawebbtelescope/51833081725,2022-01-20 14:05:21,
51834559196,artwork_illustration,"#UnfoldTheUniverse art - by Ayaana Vipin Kunimal","#UnfoldTheUniverse is an art campaign for community submissions inspired by Webb discoveries, not observational data itself.",https://www.flickr.com/photos/nasawebbtelescope/51834559196,2022-01-21 15:57:38,
51834568961,artwork_illustration,"#UnfoldTheUniverse art - by Sanyukta Nishikant Nibandhe","#UnfoldTheUniverse is an art community campaign. Caption explicitly identifies this as a submission to an art social media campaign inspired by JWST, not observational data.",https://www.flickr.com/photos/nasawebbtelescope/51834568961,2022-01-21 16:05:08,
51834650833,artwork_illustration,"#UnfoldTheUniverse art - by Navneet Nair","Community art submission to #UnfoldTheUniverse campaign. Not observational data; original artwork inspired by JWST discoveries.",https://www.flickr.com/photos/nasawebbtelescope/51834650833,2022-01-21 15:41:40,
51834685298,artwork_illustration,"#UnfoldTheUniverse art - by Sanyukta Nishikant Nibandhe","Caption explicitly describes this as art submission to #UnfoldTheUniverse campaign. Hand-drawn illustration with no observational data.",https://www.flickr.com/photos/nasawebbtelescope/51834685298,2022-01-21 16:05:08,
51875929261,artwork_illustration,"#JWSTArt - by Jihong Suk","Art submission to #JWSTArt campaign. Student-created sculpture of JWST primary mirror design on glass with LED lighting, not astronomical observation data.",https://www.flickr.com/photos/nasawebbtelescope/51875929261,2022-01-06 07:57:27,star
51886649707,artwork_illustration,Webb's trajectory and orbit,"Diagram illustrating Webb's trajectory and L2 orbit geometry. Graphic rendering with annotations, not observational data.",https://www.flickr.com/photos/nasawebbtelescope/51886649707,2022-02-17 13:50:38,observatory / engineering
51888423607,artwork_illustration,"#JWSTArt/#UnfoldTheUniverse art - by Dangitshere (@RDhaniswara)","#JWSTArt community submission, explicitly marked as art inspired by JWST. Stylized cartoon illustration, not observational data.",https://www.flickr.com/photos/nasawebbtelescope/51888423607,2022-02-18 13:02:27,star
51889448776,artwork_illustration,"#UnfoldTheUniverse art - by Juee Naik","Community art submission to #UnfoldTheUniverse campaign, inspired by but not observational data from Webb.",https://www.flickr.com/photos/nasawebbtelescope/51889448776,2021-12-18 13:56:50,unclassified
51889540078,artwork_illustration,"#UnfoldTheUniverse art - by Juee Naik","Community art submission to #UnfoldTheUniverse campaign. Explicitly identified as art inspired by JWST discoveries, not observational data.",https://www.flickr.com/photos/nasawebbtelescope/51889540078,2022-02-18 13:41:45,unclassified
51899512561,artwork_illustration,"#UnfoldTheUniverse art - by Pat Durning","Poem submitted to #UnfoldTheUniverse art campaign. Inspirational text art about JWST, not observational data.",https://www.flickr.com/photos/nasawebbtelescope/51899512561,2022-02-23 11:27:30,unclassified
51904280530,artwork_illustration,"#UnfoldTheUniverse art - by Cat","#UnfoldTheUniverse art campaign submission. Animated artwork by Cat showing fictional ""painter"" character on Webb's mirror. Not observational data.",https://www.flickr.com/photos/nasawebbtelescope/51904280530,2022-02-25 13:24:45,unclassified
51916228486,artwork_illustration,"#UnfoldTheUniverse art - by Paolo Bettini","Community art submission from #UnfoldTheUniverse campaign. Hand-drawn illustration held by artist, not observational data.",https://www.flickr.com/photos/nasawebbtelescope/51916228486,2022-01-01 10:58:49,unclassified
51916228506,artwork_illustration,"#UnfoldTheUniverse art - by Paolo Bettini","Community art submission to #UnfoldTheUniverse campaign. Artist-created illustration inspired by Webb, not observational data.",https://www.flickr.com/photos/nasawebbtelescope/51916228506,2021-12-30 18:00:59,unclassified
51916335083,artwork_illustration,"#JWSTArt - by NASA Space Communications and Navigation/Heather Monaghan","This is a #JWSTArt community submission—fan art inspired by Webb, not observational data. The stylized rendering of the telescope is illustrative, not derived from real observations.",https://www.flickr.com/photos/nasawebbtelescope/51916335083,2022-03-03 15:21:30,star
51916832977,artwork_illustration,"#UnfoldTheUniverse and #JWSTArt art - by wanderer","Original music track submission to #JWSTArt campaign. Audio waveform visualization, not observational data.",https://www.flickr.com/photos/nasawebbtelescope/51916832977,2022-03-04 12:14:45,unclassified
51918528335,artwork_illustration,"#JWSTArt and #UnfoldTheUniverse art - by Vicki Chase/Canterbury Soapworks","Handmade soaps inspired by Webb imagery. Caption explicitly states these are art submissions to #JWSTArt campaign, not observational data.",https://www.flickr.com/photos/nasawebbtelescope/51918528335,2022-03-04 13:25:13,star
51944357758,artwork_illustration,"#UnfoldTheUniverse art - by Melanie Joy Mezzancello, MellieMezz Art","Community art submission to #UnfoldTheUniverse campaign, explicitly inspired by Webb but not observational data.",https://www.flickr.com/photos/nasawebbtelescope/51944357758,2022-03-17 15:28:51,unclassified
51944415613,artwork_illustration,"#JWSTart and #UnfoldTheUniverse art  - by Irmak Seçkin","#JWSTArt community submission. Child's artwork inspired by Webb, not observational data.",https://www.flickr.com/photos/nasawebbtelescope/51944415613,2022-03-17 15:59:50,star
51944456798,artwork_illustration,"#JWSTArt - by Amber Owen and The Montessori Schoolhouse students","Student art inspired by JWST submitted to #JWSTArt campaign, not observational data.",https://www.flickr.com/photos/nasawebbtelescope/51944456798,2022-02-22 11:20:11,star
51944464434,artwork_illustration,"#JWSTArt and #UnfoldTheUniverse art - by Molly Chakraborty","A #JWSTArt community submission explicitly described as artist-created in PowerPoint depicting Webb's launch, not observational data.",https://www.flickr.com/photos/nasawebbtelescope/51944464434,2022-03-17 14:20:18,star
51944694314,artwork_illustration,"#JWSTArt - by Amber Owen and The Montessori Schoolhouse students","#JWSTArt community submission. Student artwork inspired by Webb, not observational data.",https://www.flickr.com/photos/nasawebbtelescope/51944694314,2022-02-22 11:19:55,star
51944984610,artwork_illustration,"#JWSTArt - by Amber Owen and The Montessori Schoolhouse students","#JWSTArt submission: student art inspired by Webb, not observational data. Hexagons reference Webb's mirror segments.",https://www.flickr.com/photos/nasawebbtelescope/51944984610,2022-02-22 11:20:35,star
51955437107,artwork_illustration,"#UnfoldTheUniverse art - by Nazila Arabi","#UnfoldTheUniverse is a community art campaign. This is student artwork inspired by space, not observational data.",https://www.flickr.com/photos/nasawebbtelescope/51955437107,2022-03-23 08:09:47,unclassified
51955518572,artwork_illustration,"#UnfoldTheUniverse art - by Bahar Arabi","#UnfoldTheUniverse is Webb's art campaign; this is student artwork inspired by the telescope, not observational data.",https://www.flickr.com/photos/nasawebbtelescope/51955518572,2022-03-23 11:47:27,unclassified
51956491098,artwork_illustration,"#UnfoldTheUniverse art - by Nazila Arabi","#UnfoldTheUniverse is an art campaign. The image shows a student holding original artwork (painted planets), not telescope observation data.",https://www.flickr.com/photos/nasawebbtelescope/51956491098,2022-03-23 11:02:20,unclassified
51956493771,artwork_illustration,"#UnfoldTheUniverse art - by Zeinab Zare","Student artwork submission to #UnfoldTheUniverse campaign. No observational data; children's creative illustration depicting planets and space concepts.",https://www.flickr.com/photos/nasawebbtelescope/51956493771,2022-03-23 11:39:29,unclassified
51956788909,artwork_illustration,"#UnfoldTheUniverse art - by Zeinab Zare","#UnfoldTheUniverse art campaign submission by student. Student-created artwork inspired by Webb telescope, not observational data.",https://www.flickr.com/photos/nasawebbtelescope/51956788909,2021-12-16 09:29:50,unclassified
51973894936,artwork_illustration,"#JWSTArt and #UnfoldTheUniverse art - by Erin Barry-Dutro","Artist-created silkscreen print inspired by Webb. Caption explicitly identifies it as art submission to #JWSTArt campaign, not observational data.",https://www.flickr.com/photos/nasawebbtelescope/51973894936,2021-12-23 09:03:04,star
51974413085,artwork_illustration,"#UnfoldtheUniverse art and #JWSTart - by S . Shanmathi","Community art submission to #JWSTArt campaign inspired by Webb telescope. Original illustration, not observational data.",https://www.flickr.com/photos/nasawebbtelescope/51974413085,2022-02-14 21:21:25,star
52005788952,artwork_illustration,"#JWSTArt and #UnfoldTheUniverse Art - Sophia Gad-Nasr","Crocheted mirror art inspired by Webb's hexagonal mirror segments. A #JWSTArt community submission, not observational data.",https://www.flickr.com/photos/nasawebbtelescope/52005788952,2022-04-15 16:06:30,unclassified
52013692069,artwork_illustration,"#JWSTArt and #UnfoldTheUniverse Art - Mary McIntyre","Community art submission (#JWSTArt campaign). Crocheted cushions inspired by Webb imagery, not observational data.",https://www.flickr.com/photos/nasawebbtelescope/52013692069,2022-02-06 15:27:33,star
52029817706,artwork_illustration,"#JWSTArt and #UnfoldTheUniverse Art - Mark Shultes","Community art submission to #JWSTArt campaign. Artist's concept of Webb telescope, not observational data.",https://www.flickr.com/photos/nasawebbtelescope/52029817706,2022-04-25 16:01:56,star
52201717519,artwork_illustration,Webb's Diffraction Spikes (long infographic),"Educational infographic explaining diffraction spike physics. Diagrams, schematics, and illustrations with no observational data.",https://www.flickr.com/photos/nasawebbtelescope/52201717519,2022-07-07 22:44:02,observatory / engineering
52203260582,artwork_illustration,"#JWSTArt - Matthew Petroff","#JWSTArt community submission — physical artwork inspired by Webb, not observational data.",https://www.flickr.com/photos/nasawebbtelescope/52203260582,2021-12-22 03:02:49,star
52203276827,artwork_illustration,"#UnfoldTheUniverse art - by Pawani Rajapaksha","Artist's submission to #UnfoldTheUniverse campaign; creative artwork inspired by JWST, not observational data.",https://www.flickr.com/photos/nasawebbtelescope/52203276827,2021-10-30 11:06:16,unclassified
52203422642,artwork_illustration,"#JWSTArt and #UnfoldTheUniverse Art - Marc Gottlieb","This is a #JWSTArt community submission—an artist's poster created in response to a NASA campaign, not observational data.",https://www.flickr.com/photos/nasawebbtelescope/52203422642,2022-07-09 11:22:37,star
52204284383,artwork_illustration,"#JWSTArt - Matthew Petroff","Explicitly identified as #JWSTArt community submission. Artistic creation inspired by Webb, not observational data.",https://www.flickr.com/photos/nasawebbtelescope/52204284383,2021-12-22 01:35:37,star
52204349968,artwork_illustration,"#UnfoldTheUniverse art - by Didem Rodoplu","Community art submission inspired by Webb science, not observational data. Created with bacteria on agar plate.",https://www.flickr.com/photos/nasawebbtelescope/52204349968,2019-10-17 00:04:22,unclassified
52204421833,artwork_illustration,"#JWSTArt - by Shriya Katta","#JWSTArt campaign submission; hand-drawn artistic rendering of the Webb telescope, not observational data.",https://www.flickr.com/photos/nasawebbtelescope/52204421833,2022-07-09 11:09:12,star
52204515679,artwork_illustration,"#JWSTArt and #UnfoldTheUniverse Art - NASA/JPL-Caltech","Community art submission from #JWSTArt campaign. Artistic rendering of Webb observing an exoplanet, not observational data.",https://www.flickr.com/photos/nasawebbtelescope/52204515679,2022-07-09 09:32:29,star
52204786235,artwork_illustration,"#UnfoldTheUniverse art - by Pawani Rajapaksha","Community art submission from #UnfoldTheUniverse campaign. Artist's creation inspired by Webb's potential discoveries, not observational data.",https://www.flickr.com/photos/nasawebbtelescope/52204786235,2021-10-30 11:08:33,unclassified
52204799485,artwork_illustration,"#JWSTArt - by Rollie Rolerson","3D rendered artwork created in Blender, submitted to #JWSTArt campaign. Not observational data.",https://www.flickr.com/photos/nasawebbtelescope/52204799485,2022-07-09 10:04:17,star
52204846365,artwork_illustration,"#JWSTArt - by Căluz Luca","Hand-drawn student art submission to #JWSTArt campaign; depicts telescope schematic, not observational data.",https://www.flickr.com/photos/nasawebbtelescope/52204846365,2022-07-09 10:33:06,star
52204855540,artwork_illustration,"#JWSTArt and #UnfoldTheUniverse Art - Szczepan Glewic","Artist's acrylic painting of JWST at L2 submitted to #JWSTArt campaign. No observational data captured.",https://www.flickr.com/photos/nasawebbtelescope/52204855540,2022-07-09 10:38:41,star
52204870920,artwork_illustration,"#JWSTArt and #UnfoldTheUniverse Art - Juan Sebastián Medina Cazar","Community art submission to #JWSTArt campaign. Pixel art inspired by Webb, not observational data.",https://www.flickr.com/photos/nasawebbtelescope/52204870920,2022-07-09 10:49:08,star
52225516145,artwork_illustration,"#JWSTArt and #UnfoldTheUniverse Art - by Telus Spark","Creative food art inspired by JWST hardware; part of #JWSTArt campaign. Not observational data of space.",https://www.flickr.com/photos/nasawebbtelescope/52225516145,2022-07-18 13:49:56,star
52225686334,artwork_illustration,"#UnfoldTheUniverse art - by NASA GSFC/Adriana Manrique Gutierrez","Artist creation for #UnfoldTheUniverse social media campaign. Comic series art inspired by Webb discoveries, not observational data.",https://www.flickr.com/photos/nasawebbtelescope/52225686334,2022-07-18 16:42:31,unclassified
52249178401,artwork_illustration,"#JWSTArt - Debbie Faas","#JWSTArt campaign submission; artist's creative interpretation, not observational data from the telescope.",https://www.flickr.com/photos/nasawebbtelescope/52249178401,2022-07-29 10:01:35,star
52249178501,artwork_illustration,"#JWSTArt and #UnfoldTheUniverse Art  - by Amy Rae Hill","This is a ceramic vase created by artist Amy Rae Hill inspired by Webb imagery, explicitly labeled as #JWSTArt community submission. It is artwork, not observational data.",https://www.flickr.com/photos/nasawebbtelescope/52249178501,2022-07-29 10:01:38,star
52249178541,artwork_illustration,"#JWSTArt - Claire Lamman","A sugar cookie created by an artist for the #JWSTArt campaign. Not observational data but community artwork inspired by Webb.",https://www.flickr.com/photos/nasawebbtelescope/52249178541,2022-05-23 10:12:03,star
52249193643,artwork_illustration,"#JWSTArt - Stefan Vogels (Studio DIES)","#JWSTArt campaign submission. Artist's rendering of the telescope against starfield, not observational data.",https://www.flickr.com/photos/nasawebbtelescope/52249193643,2022-07-18 22:55:09,star
52249466194,artwork_illustration,"#JWSTArt and #UnfoldTheUniverse Art - by Akerra Nicholson","Community art submission from #JWSTArt campaign. Artist's creative interpretation inspired by Webb, not observational data.",https://www.flickr.com/photos/nasawebbtelescope/52249466194,2022-07-17 18:24:46,unclassified
52249683515,artwork_illustration,"#JWSTArt - Courtney Ngo","#JWSTArt community submission. Artist's illustration inspired by JWST, not observational data of space.",https://www.flickr.com/photos/nasawebbtelescope/52249683515,2022-07-29 10:01:38,star
52249684045,artwork_illustration,"#JWSTArt and #UnfoldTheUniverse Art - Zu Gong","#JWSTArt community submission explicitly labeled as art inspired by Webb, featuring illustrated portraits of scientists, not observational data.",https://www.flickr.com/photos/nasawebbtelescope/52249684045,2022-07-29 10:01:56,star
52249685465,artwork_illustration,"#JWSTArt and #UnfoldTheUniverse Art - by Carlos Moreno Tent","Community art submission inspired by Webb. Caption explicitly identifies as #JWSTArt campaign submission by digital artist, not observational data.",https://www.flickr.com/photos/nasawebbtelescope/52249685465,2022-07-29 10:02:46,star
52259642417,artwork_illustration,"#UnfoldTheUniverse art - by Grupo Andromeda","Community art submission from #UnfoldTheUniverse campaign; original artwork inspired by JWST, not observational data.",https://www.flickr.com/photos/nasawebbtelescope/52259642417,2022-07-09 13:34:38,unclassified
52260665113,artwork_illustration,"#UnfoldTheUniverse art - by Reyansh Sunwar","#UnfoldTheUniverse community art submission. Child with physical artwork inspired by JWST discoveries; no observational data.",https://www.flickr.com/photos/nasawebbtelescope/52260665113,2022-08-03 10:47:58,unclassified
52260910874,artwork_illustration,"#UnfoldTheUniverse art - by Reyansh Sunwar","Community art submission to #UnfoldTheUniverse campaign. Child holding hexagonal craft inspired by Webb's mirror design, not observational data.",https://www.flickr.com/photos/nasawebbtelescope/52260910874,2022-08-03 10:41:30,unclassified
52261163235,artwork_illustration,"#JWSTArt - by Andrea Krummel","A #JWSTArt community submission: cross-stitch artwork inspired by Webb's hexagonal mirror segments, not observational data.",https://www.flickr.com/photos/nasawebbtelescope/52261163235,2022-08-03 11:06:43,star
52310689110,artwork_illustration,NASA’s Webb Detects Carbon Dioxide in Exoplanet Atmosphere,"""ARTIST ILLUSTRATION"" text visible in image. Artist's concept rendition, not observational data of exoplanet.",https://www.flickr.com/photos/nasawebbtelescope/52310689110,2022-08-25 11:18:38,observatory / engineering
52327351121,artwork_illustration,"#UnfoldTheUniverse art - by Taylor Hart","Artist's submission to #UnfoldTheUniverse campaign. Poem and artistic illustration about JWST, not observational data.",https://www.flickr.com/photos/nasawebbtelescope/52327351121,2022-09-01 14:48:19,unclassified
52329649931,artwork_illustration,"#UnfoldTheUniverse art - by Becky Smith","Artist's submission for #UnfoldTheUniverse campaign. Acrylic painting inspired by Webb, not observational data.",https://www.flickr.com/photos/nasawebbtelescope/52329649931,2022-09-02 15:05:37,unclassified
52329730486,artwork_illustration,"#UnfoldTheUniverse art - by Ekam Kaur","Community #UnfoldTheUniverse art submission. Creative artwork inspired by JWST, not observational data or telescope hardware.",https://www.flickr.com/photos/nasawebbtelescope/52329730486,2022-08-06 13:30:23,unclassified
52329733801,artwork_illustration,"#UnfoldTheUniverse art - by Ekam Kaur","#UnfoldTheUniverse is an art social media campaign. Image shows creative artwork panels, not observational data from Webb.",https://www.flickr.com/photos/nasawebbtelescope/52329733801,2022-06-29 13:27:49,unclassified
52329954064,artwork_illustration,"#UnfoldTheUniverse art - by Becky Smith","Community art submission for #UnfoldTheUniverse campaign. Created with acrylic paint and UV paint, not observational data.",https://www.flickr.com/photos/nasawebbtelescope/52329954064,2022-09-02 15:05:34,unclassified
52329954219,artwork_illustration,"#UnfoldTheUniverse art - by Becky Smith","Artist's creation inspired by Webb discoveries, not observational data. Acrylic painting with glow paint on aluminum, explicitly from #UnfoldTheUniverse art campaign.",https://www.flickr.com/photos/nasawebbtelescope/52329954219,2022-09-02 15:05:40,unclassified
52329980793,artwork_illustration,"#UnfoldTheUniverse art - by Ekam Kaur","Community art submission to #UnfoldTheUniverse campaign. Artist-created panels inspired by Webb discoveries, not observational data.",https://www.flickr.com/photos/nasawebbtelescope/52329980793,2022-06-29 13:25:29,unclassified
52330019235,artwork_illustration,"#UnfoldTheUniverse art - by Deirdre Kelleghan","Artwork explicitly described as soft pastels on canvas board by artist Deirdre Kelleghan. Part of NASA's #UnfoldTheUniverse art campaign. Not observational data.",https://www.flickr.com/photos/nasawebbtelescope/52330019235,2022-09-02 14:31:36,unclassified
52330038439,artwork_illustration,"#UnfoldTheUniverse art - by Ekam Kaur","A community art submission from the #UnfoldTheUniverse campaign. This is artist-created work inspired by Webb, not observational data.",https://www.flickr.com/photos/nasawebbtelescope/52330038439,2022-06-29 13:51:26,unclassified
52330115099,artwork_illustration,"#UnfoldtheUniverse art - by Delilah Castigliano","Community art submission from #UnfoldtheUniverse campaign. Artist-created illustration inspired by JWST, not observational data.",https://www.flickr.com/photos/nasawebbtelescope/52330115099,2022-07-03 11:58:49,unclassified
52357151712,artwork_illustration,"#UnfoldtheUniverse art - by Noami Byrd and child","#UnfoldTheUniverse art campaign submission—community artwork inspired by Webb, not observational data.",https://www.flickr.com/photos/nasawebbtelescope/52357151712,2022-09-03 13:19:30,unclassified
52358313223,artwork_illustration,"#UnfoldTheUniverse art - by Kelly Stanford","#UnfoldTheUniverse is an art campaign. Caption explicitly invites community submissions ""inspired by what the James Webb Space Telescope might discover""—not actual observations.",https://www.flickr.com/photos/nasawebbtelescope/52358313223,2022-09-05 01:57:02,unclassified
52476604222,artwork_illustration,"#UnfoldTheUniverse art - by Collin Sheehan","Community art submission from #UnfoldTheUniverse campaign. Artist concept, not observational data. Caption explicitly solicits artwork inspired by JWST discoveries.",https://www.flickr.com/photos/nasawebbtelescope/52476604222,2022-11-04 15:01:57,unclassified
52477544385,artwork_illustration,"#UnfoldTheUniverse art","Community art submission from #UnfoldTheUniverse campaign. Caption explicitly states ""art inspired by"" JWST, not observational data.",https://www.flickr.com/photos/nasawebbtelescope/52477544385,2022-11-04 14:47:58,unclassified
52477559020,artwork_illustration,"#UnfoldTheUniverse art - by Ionanna Gika","Community art submission from #UnfoldTheUniverse campaign. Poem inspired by Webb, not observational data.",https://www.flickr.com/photos/nasawebbtelescope/52477559020,2022-11-04 14:56:06,unclassified
52477619403,artwork_illustration,"#JWSTArt - by Aryan Raj","Artist submission to #JWSTArt campaign. Hand-painted artwork inspired by Webb telescope, not observational data.",https://www.flickr.com/photos/nasawebbtelescope/52477619403,2022-02-25 12:55:04,star
52477626983,artwork_illustration,"#UnfoldTheUniverse art - by Kaylee Zoey Wilson","User-submitted art inspired by JWST as part of #UnfoldTheUniverse campaign. Not observational data.",https://www.flickr.com/photos/nasawebbtelescope/52477626983,2022-11-04 14:48:00,unclassified
52477653228,artwork_illustration,"#UnfoldTheUniverse art - by Collin Sheehan","Community art submission from #UnfoldTheUniverse campaign; explicitly not observational data, created by artist Collin Sheehan.",https://www.flickr.com/photos/nasawebbtelescope/52477653228,2022-11-04 15:02:12,unclassified
52484272456,artwork_illustration,"#UnfoldTheUniverse art - by Zu Gong","Fan-submitted illustration showing portraits of team members arranged in honeycomb pattern. Part of #UnfoldTheUniverse art campaign; explicitly identified as artwork by Zu Gong community member.",https://www.flickr.com/photos/nasawebbtelescope/52484272456,2022-11-07 14:09:52,unclassified
52484840228,artwork_illustration,"#UnfoldTheUniverse art - by ""Edi Vizitrex""","Explicitly labeled as community art submission for #UnfoldTheUniverse campaign inspired by JWST, not observational data.",https://www.flickr.com/photos/nasawebbtelescope/52484840228,2022-11-07 14:17:51,unclassified
52491616413,artwork_illustration,"#UnfoldTheUnivere art - by Elizabeth Agathanggelou","Community art submission inspired by Webb/Carina Nebula, not observational data. Caption confirms #UnfoldTheUniverse art campaign.",https://www.flickr.com/photos/nasawebbtelescope/52491616413,2022-07-13 17:21:23,unclassified
52503742647,artwork_illustration,"#UnfoldTheUniverse art - by Akerra Nicholson","Part of #UnfoldTheUniverse art campaign. Artist-created painting inspired by Webb discoveries, not observational data.",https://www.flickr.com/photos/nasawebbtelescope/52503742647,2022-07-17 18:24:46,unclassified
52504209436,artwork_illustration,"#UnfoldTheUniverse art - by Jen Reich","Community art submission from #UnfoldTheUniverse campaign. Poem with text, inspired by JWST discoveries but containing no observational data.",https://www.flickr.com/photos/nasawebbtelescope/52504209436,2022-11-16 14:08:48,unclassified
52504220646,artwork_illustration,"#UnfoldTheUniverse art - by Anusha Ivaturi","Hand-painted watercolor artwork created as part of #UnfoldTheUniverse community art campaign. Not observational data.",https://www.flickr.com/photos/nasawebbtelescope/52504220646,2022-11-16 14:14:12,unclassified
52504808108,artwork_illustration,"#UnfoldTheUniverse art - by VH SpaceArt","Artist's painting (acrylic and oil) inspired by JWST, not observational data. Caption explicitly identifies it as art.",https://www.flickr.com/photos/nasawebbtelescope/52504808108,2022-11-16 14:29:58,unclassified
52505847817,artwork_illustration,"#UnfoldTheUniverse","Community art submission inspired by JWST; explicitly part of #UnfoldTheUniverse art campaign, not observational data.",https://www.flickr.com/photos/nasawebbtelescope/52505847817,2022-07-29 17:37:51,unclassified
52506574684,artwork_illustration,"#UnfoldtheUniverse art - by Kirthi Jayakumar","Pastel artwork by community artist inspired by JWST discoveries. Caption explicitly states it is art created for #UnfoldTheUniverse social campaign, not observational data.",https://www.flickr.com/photos/nasawebbtelescope/52506574684,2022-11-17 14:00:31,unclassified
52506574734,artwork_illustration,"#UnfoldtheUniverse art - by Kirthi Jayakumar","Community art submission to #UnfoldTheUniverse campaign. Pastel on paper, not observational data.",https://www.flickr.com/photos/nasawebbtelescope/52506574734,2022-11-17 14:00:32,unclassified
52506575669,artwork_illustration,"#UnfoldtheUniverse art - by Kirthi Jayakumar","Community art submission from #UnfoldTheUniverse campaign. Artist's pastel drawing inspired by JWST, not observational data.",https://www.flickr.com/photos/nasawebbtelescope/52506575669,2022-11-17 14:01:05,unclassified
52506901758,artwork_illustration,"#UnfoldTheUniverse - by Bhagyashri Deshmukh","Community art submission from #UnfoldTheUniverse campaign. Artist's rendering combining imaginative space elements with actual Webb observations as collage references.",https://www.flickr.com/photos/nasawebbtelescope/52506901758,2022-08-03 00:49:15,unclassified
52507015743,artwork_illustration,"#UnfoldtheUniverse art - by Ora Buch","Community art submission to #UnfoldTheUniverse campaign. Artist's creation inspired by Webb concepts, not observational data.",https://www.flickr.com/photos/nasawebbtelescope/52507015743,2022-08-03 10:20:38,unclassified
52517481613,artwork_illustration,Artist Illustration - WASP-39 b,"Text ""Artist Illustration"" visible in image and caption states ""THIS IS AN ARTIST ILLUSTRATION."" No observational data shown.",https://www.flickr.com/photos/nasawebbtelescope/52517481613,2022-11-17 14:21:59,exoplanet
52551368628,artwork_illustration,"#UnfoldTheUniverse Art - by Ahmad Jabakenji","Image text reads ""Artist Illustration"". Community art submission inspired by WASP-96b, not observational data.",https://www.flickr.com/photos/nasawebbtelescope/52551368628,2022-07-13 17:33:54,unclassified
52551407093,artwork_illustration,NASA’s Webb Indicates Several Stars ‘Stirred Up’ Southern Ring Nebula (Scientific Illustration),"Title explicitly labels as ""Scientific Illustration"". Panels 1-5 are artist renderings explaining stellar dynamics; only panel 6 is actual Webb data.",https://www.flickr.com/photos/nasawebbtelescope/52551407093,2022-12-08 11:18:21,nebula
52620820972,artwork_illustration,Artist Illustration - LHS 475 b,"TEXT PRINTED IN IMAGE: ""Artist Illustration"" clearly marks this as artwork, not observational data. Caption describes real science but image is a rendering.",https://www.flickr.com/photos/nasawebbtelescope/52620820972,2023-01-11 13:32:21,exoplanet
52672254127,artwork_illustration,Webb Detects Extremely Small Main Belt Asteroid,"Text in image states ""Artist illustration"". Caption describes an actual detection, but the image is a rendering, not observational data.",https://www.flickr.com/photos/nasawebbtelescope/52672254127,2023-02-06 10:59:36,solar system
52687298661,artwork_illustration,"#UnfoldtheUniverse art - by Jen Vance",Community art submission inspired by JWST; nail polish design featuring space motif. No observational data.,https://www.flickr.com/photos/nasawebbtelescope/52687298661,2023-02-13 16:07:23,unclassified
52687731610,artwork_illustration,"#UnfoldtheUniverse art - by Camilo Nascimento","Community art submission for #UnfoldTheUniverse campaign, explicitly labeled as art inspired by JWST discoveries, not observational data.",https://www.flickr.com/photos/nasawebbtelescope/52687731610,2023-02-13 16:12:21,unclassified
52693050261,artwork_illustration,"#UnfoldTheUniverse Art  - by Amy Rae Hill",This is a decorative teapot with Webb imagery applied as surface art. It is an artwork inspired by but not itself observational data.,https://www.flickr.com/photos/nasawebbtelescope/52693050261,2023-02-16 15:49:30,unclassified
52693093291,artwork_illustration,"#unfoldtheuniverse art - by  Bhagyashri Deshmukh","Digital art submission from #UnfoldTheUniverse campaign. Artist explicitly states ""I made this digital art."" Composite of illustrated elements including planets, galaxies, astronaut, whale, and hexagonal panels — none are observational data.",https://www.flickr.com/photos/nasawebbtelescope/52693093291,2022-08-03 00:49:15,unclassified
52693100371,artwork_illustration,"#JWSTart and #unfoldtheuniverse art - by cisforcardboard","Community art submission from #JWSTArt campaign. Embroidered hexagonal pattern inspired by Webb's design, not observational data.",https://www.flickr.com/photos/nasawebbtelescope/52693100371,2023-02-16 16:20:38,unclassified
52693489500,artwork_illustration,"#unfoldtheuniverse art - by Mohanapriya Perumal","Community art submission from #UnfoldTheUniverse campaign, not observational data. Shows physical craft materials/artwork inspired by Webb discoveries.",https://www.flickr.com/photos/nasawebbtelescope/52693489500,2023-02-16 16:08:19,unclassified
52719604842,artwork_illustration,"#JWSTArt and #UnfoldTheUniverse Art - by Risto Niska","Artist's creation inspired by Webb, part of #JWSTArt social campaign. Design graphic with honeycomb mirrors, not observational data.",https://www.flickr.com/photos/nasawebbtelescope/52719604842,2023-03-01 16:58:15,unclassified
52720104526,artwork_illustration,"#unfoldtheuniverse art - by Valentin Monsalve","Artist's calligraphy inspired by JWST; part of #UnfoldTheUniverse social campaign, not observational data.",https://www.flickr.com/photos/nasawebbtelescope/52720104526,2022-06-07 14:42:42,unclassified
52720621348,artwork_illustration,"#JWSTArt and #UnfoldTheUniverse Art  - by Katrin Aumiller","#JWSTArt and #UnfoldTheUniverse campaigns explicitly solicit community art submissions inspired by Webb. This is original artwork, not observational data.",https://www.flickr.com/photos/nasawebbtelescope/52720621348,2022-09-17 14:11:54,unclassified
52722000303,artwork_illustration,Webb Model by Soon Lye Chan,"This is a handmade model/craft submission from a community member, not observational data. It depicts the telescope as a physical build project.",https://www.flickr.com/photos/nasawebbtelescope/52722000303,2023-03-02 11:10:34,unclassified
52730142929,artwork_illustration,"#JWSTart and #unfoldtheuniverse art - by mcbentz","Cross-stitch art inspired by JWST, not observational data. Community #JWSTArt submission created by fan artist mcbentz.",https://www.flickr.com/photos/nasawebbtelescope/52730142929,2021-09-19 16:38:47,star
52730142944,artwork_illustration,"#JWSTArt and #UnfoldTheUniverse Art  - by Lynn Upton","Community art submission from #JWSTArt campaign. Hand-painted artistic rendering of Webb observations, not observational data.",https://www.flickr.com/photos/nasawebbtelescope/52730142944,2023-03-06 10:42:26,star
52730375528,artwork_illustration,"#UnfoldTheUniverse Art  - by Meena Konidala","Community art submission from #UnfoldTheUniverse campaign. Hand-drawn figure overlaid on real Webb image. Artist-created, not observational data.",https://www.flickr.com/photos/nasawebbtelescope/52730375528,2023-03-06 10:42:27,unclassified
52763565712,artwork_illustration,Artist Illustration: VHS 1256 b,"Image marked ""Artist Illustration"" in title and caption. Artist's concept rendering, not observational data, despite Webb's real atmospheric analysis of VHS 1256 b.",https://www.flickr.com/photos/nasawebbtelescope/52763565712,2023-03-22 10:12:56,exoplanet
52775409328,artwork_illustration,Artist Illustration: NASA’s Webb Measures the Temperature of a Rocky Exoplanet,"Text ""Artist Illustration"" visible in image. Caption confirms illustration based on Webb data, not actual observation. Webb has not captured images of the planet.",https://www.flickr.com/photos/nasawebbtelescope/52775409328,2023-03-27 11:44:11,exoplanet
52861256017,artwork_illustration,"ARTIST ILLUSTRATION: Webb Finds Water Vapor, But From a Rocky Planet or Its Star?","Text clearly marked ""Artist Illustration"" in image corner overrides caption. Artist concept rendering, not observational data.",https://www.flickr.com/photos/nasawebbtelescope/52861256017,2023-05-01 11:57:59,exoplanet
52940668030,artwork_illustration,ARTIST ILLUSTRATION: Webb Maps and Finds Traces of Water in an Ultra-hot Gas Giant's Atmosphere,"Text ""Artist Illustration"" visible in image corner. Artist rendering, not observational data, despite real Webb science described in caption.",https://www.flickr.com/photos/nasawebbtelescope/52940668030,2023-05-31 11:01:52,exoplanet
52957887826,artwork_illustration,Webb Telescope Detects Universe’s Most Distant Organic Molecules (Einstein Ring Explainer),Infographic explaining Einstein rings with labeled diagram and annotated schematic elements. Not observational data.,https://www.flickr.com/photos/nasawebbtelescope/52957887826,2023-06-07 13:23:13,galaxy
52974164887,artwork_illustration,"#JWSTArt and #UnfoldTheUniverse Art  - by Becky Nevin","Artist-created stickers from #JWSTArt community campaign. Illustrated Webb mirror segments and sunshield, not observational data.",https://www.flickr.com/photos/nasawebbtelescope/52974164887,2022-12-01 08:42:34,star
52974836244,artwork_illustration,"#UnfoldTheUniverse Art  - by Aleksandra Krzemień","This is an acrylic painting by an artist inspired by the Carina Nebula, part of the #UnfoldTheUniverse community art campaign. Not observational data.",https://www.flickr.com/photos/nasawebbtelescope/52974836244,2022-10-27 18:29:49,unclassified
52975087118,artwork_illustration,"#JWSTArt - Claire Lamman","#JWSTArt community submission—a food art piece inspired by Webb, not observational data.",https://www.flickr.com/photos/nasawebbtelescope/52975087118,2022-10-22 11:55:06,star
52975091130,artwork_illustration,"#JWSTArt - Avantika Ajay Sangole","#JWSTArt submission; artist's illustration of JWST hardware, not observational data.",https://www.flickr.com/photos/nasawebbtelescope/52975091130,2022-11-06 16:27:25,star
52975136875,artwork_illustration,"#JWSTArt and #UnfoldTheUniverse Art  - by Becky Nevin","Community art submission from #JWSTArt campaign. Artist creation with no observational data. Webb telescope illustrated alongside Pokémon character.",https://www.flickr.com/photos/nasawebbtelescope/52975136875,2022-12-01 08:43:45,star
52975214398,artwork_illustration,"#JWSTArt and #UnfoldTheUniverse Art  - by Becky Nevin","Community art stickers created for #JWSTArt campaign. Combines cartoon characters with Jupiter image background—creative illustration, not observational data.",https://www.flickr.com/photos/nasawebbtelescope/52975214398,2022-12-01 08:41:44,star
52988122917,artwork_illustration,NASA’s Webb Proves Galaxies Transformed the Early Universe,"Image description explicitly identifies this as a ""four-part illustration"" showing the era of reionization schematically, not observational data.",https://www.flickr.com/photos/nasawebbtelescope/52988122917,2023-06-20 10:14:56,galaxy
52989042274,artwork_illustration,ARTIST ILLUSTRATION: Webb Rules Out Thick Carbon Dioxide Atmosphere for Rocky Exoplanet,"Text ""Artist Illustration"" printed in image explicitly marks this as artwork, not observational data, despite caption describing real Webb results.",https://www.flickr.com/photos/nasawebbtelescope/52989042274,2023-06-20 11:33:14,exoplanet
53043023132,artwork_illustration,"#UnfoldTheUniverse art - by Marie Connor","Stone mosaic artwork inspired by Webb spiral galaxy images. Artist's community submission to #UnfoldTheUniverse campaign, not observational data.",https://www.flickr.com/photos/nasawebbtelescope/53043023132,2023-07-13 15:04:48,unclassified
53043025437,artwork_illustration,"#UnfoldTheUniverse art - by Lxentica","User-submitted #UnfoldTheUniverse art campaign piece. Artist drew a cosmic violin player superimposed over NGC 346 inspiration. This is artwork, not observational data.",https://www.flickr.com/photos/nasawebbtelescope/53043025437,2023-07-13 15:06:05,unclassified
53043865209,artwork_illustration,"#JWSTArt and #UnfoldTheUniverse Art  - by Elizabeth Kirby","Community art submission inspired by JWST; #JWSTArt campaign. Artistic creation, not observational data.",https://www.flickr.com/photos/nasawebbtelescope/53043865209,2023-03-03 14:24:45,star
53043905434,artwork_illustration,"#JWSTArt - by Johannes Kaiser","Artist's creation in vitreous enamel inspired by Webb's selfie; explicitly part of #JWSTArt campaign, not observational data.",https://www.flickr.com/photos/nasawebbtelescope/53043905434,2022-05-31 16:43:23,star
53044085853,artwork_illustration,"#UnfoldTheUniverse art - by Marylena Salazar","#UnfoldTheUniverse art campaign. Person holding artwork combining Webb imagery with poetry. Community submission, not observational data.",https://www.flickr.com/photos/nasawebbtelescope/53044085853,2022-12-08 16:47:34,unclassified
53044099133,artwork_illustration,"#UnfoldTheUniverse art - by Lxentica","Community art submission inspired by NGC 346; violinist superposed over nebula. Artist creation, not observational data.",https://www.flickr.com/photos/nasawebbtelescope/53044099133,2023-07-13 15:06:05,unclassified
53046141970,artwork_illustration,"#UnfoldTheUniverse Art - by Wendy Edwards","Cross-stitch artwork inspired by Webb imagery, not an actual observation. Caption explicitly describes it as art created by community member.",https://www.flickr.com/photos/nasawebbtelescope/53046141970,2023-07-14 15:00:36,unclassified
53061233787,artwork_illustration,"#UnfoldTheUniverse art - by Lxentica","#UnfoldTheUniverse is a community art campaign. Caption explicitly states this is art ""sent in by Lxentica,"" not an observation.",https://www.flickr.com/photos/nasawebbtelescope/53061233787,2023-07-21 15:14:22,unclassified
53061277712,artwork_illustration,"#UnfoldTheUniverse art - by Ash Morrow","Community art submission for #UnfoldTheUniverse campaign. Acrylic painting inspired by JWST discoveries, not observational data.",https://www.flickr.com/photos/nasawebbtelescope/53061277712,2023-07-18 09:24:08,unclassified
53061872129,artwork_illustration,"#UnfoldTheUniverse art - by Aleksandra Krzemień","Caption explicitly states this is digitally drawn in Krita, not a Webb photo. Part of #UnfoldTheUniverse art campaign.",https://www.flickr.com/photos/nasawebbtelescope/53061872129,2023-07-21 14:07:03,unclassified
53061875851,artwork_illustration,"#UnfoldtheUniverse art - by Valentin Monsalve (front)","Part of #UnfoldTheUniverse community art campaign. Artist-created calligraphy inspired by Webb aesthetics, not observational data.",https://www.flickr.com/photos/nasawebbtelescope/53061875851,2022-06-05 13:54:06,unclassified
53061949249,artwork_illustration,"#JWSTArt - by Mataio Shogun Tattoo/Brett Ketler","#JWSTArt campaign submission. User-created tattoo art inspired by JWST, not observational data.",https://www.flickr.com/photos/nasawebbtelescope/53061949249,2023-07-21 14:47:03,star
53062077275,artwork_illustration,"#UnfoldTheUniverse art - by Aleksandra Krzemień","Hand-crafted Easter eggs (""drapanki"") inspired by JWST and its observations. Artist's submission to #UnfoldTheUniverse campaign, not observational data.",https://www.flickr.com/photos/nasawebbtelescope/53062077275,2023-07-21 14:07:02,unclassified
53062176753,artwork_illustration,"#UnfoldTheUniverse art - by Aleksandra Krzemień","Community art submission from #UnfoldTheUniverse campaign. Acrylic painting on canvas inspired by Jupiter, not observational data.",https://www.flickr.com/photos/nasawebbtelescope/53062176753,2023-07-21 14:07:02,unclassified
53062176763,artwork_illustration,"#UnfoldTheUniverse art - by Aleksandra Krzemień","Christmas ornaments painted with JWST imagery by artist; art community submission, not observational data.",https://www.flickr.com/photos/nasawebbtelescope/53062176763,2023-07-21 14:07:02,unclassified
53062264990,artwork_illustration,"#UnfoldtheUniverse art - by Valentin Monsalve (back)","Art community submission: calligraphy inspired by Webb telescope aesthetics, part of #UnfoldTheUniverse campaign.",https://www.flickr.com/photos/nasawebbtelescope/53062264990,2022-06-07 14:42:42,unclassified
53062302488,artwork_illustration,"#UnfoldTheUniverse art - by Lxentica","Community art submission to #UnfoldTheUniverse campaign. Inspired by real Webb observations but is an artwork illustration, not observational data.",https://www.flickr.com/photos/nasawebbtelescope/53062302488,2023-07-21 15:14:23,unclassified
53068407159,artwork_illustration,Webb Detects Water Vapor in Rocky Planet-Forming Zone (Artist Illustration),"Text explicitly labels image as ""Artist Illustration"" and ""Artist concept."" Despite Webb detecting water in PDS 70's disk, this rendering is not observational data.",https://www.flickr.com/photos/nasawebbtelescope/53068407159,2023-07-24 11:18:35,exoplanet
53068676714,artwork_illustration,"#UnfoldTheUniverse art - by Geneva Bowers/@gdbeeart","Digital painting by community artist inspired by Webb's Carina nebula imagery. Artist creation, not observational data.",https://www.flickr.com/photos/nasawebbtelescope/53068676714,2023-07-24 13:18:29,unclassified
53068676724,artwork_illustration,"#UnfoldTheUniverse art - by Geneva Bowers/@gdbeeart","Explicitly identified as digital painting inspired by Webb imagery, not observational data. Part of #UnfoldTheUniverse art campaign by community artist.",https://www.flickr.com/photos/nasawebbtelescope/53068676724,2023-07-24 13:18:29,unclassified
53068676734,artwork_illustration,"#UnfoldTheUniverse art - by Geneva Bowers/@gdbeeart","Digital painting by artist Geneva Bowers inspired by Pillars of Creation. Artist submission to #UnfoldTheUniverse campaign, explicitly stated as artistic interpretation, not observational data.",https://www.flickr.com/photos/nasawebbtelescope/53068676734,2023-07-24 13:18:29,unclassified
53075839805,artwork_illustration,"#JWSTArt and #UnfoldTheUniverse Art  - by Cassandra Li","#JWSTArt community submission, artist's concept inspired by Webb's mission, not observational data.",https://www.flickr.com/photos/nasawebbtelescope/53075839805,2023-07-27 14:19:48,star
53151874277,artwork_illustration,"#UnfoldTheUniverse art - by Parijat Bhattacharya/@parijpg_illustrations","Digital painting explicitly described as ""inspired by Webb's imagery,"" part of #UnfoldTheUniverse art campaign. Not observational data.",https://www.flickr.com/photos/nasawebbtelescope/53151874277,2023-08-30 09:35:19,unclassified
53154673466,artwork_illustration,"#UnfoldTheUniverse art - by Serena Jewel/@SerenaMaus","Community art submission (#UnfoldTheUniverse campaign). Artist's rendering of imaginary whale creature in cosmic setting, not observational data.",https://www.flickr.com/photos/nasawebbtelescope/53154673466,2023-08-18 08:56:33,unclassified
53179463277,artwork_illustration,"Webb Discovers Methane, Carbon Dioxide in Atmosphere of Exoplanet K2-18 b (Artist Illustration)","Text ""Artist Illustration"" appears in upper left corner of image. Gate rule: printed text in image overrides caption. This is a rendering, not observational data.",https://www.flickr.com/photos/nasawebbtelescope/53179463277,2023-09-11 10:08:22,exoplanet
53222484988,artwork_illustration,"#UnfoldTheUniverse art - by Kirthi Jayakumar","This is a painting inspired by Webb data, not observational data itself. The caption explicitly states ""This is a painting of ARP 2020 inspired by Webb's image.""",https://www.flickr.com/photos/nasawebbtelescope/53222484988,2023-09-29 14:04:08,unclassified
53222485003,artwork_illustration,"#UnfoldTheUniverse art - by Kirthi Jayakumar","Artist's painting submitted to #UnfoldTheUniverse campaign, inspired by Webb data but not observational data itself.",https://www.flickr.com/photos/nasawebbtelescope/53222485003,2023-09-29 14:04:08,unclassified
53222678780,artwork_illustration,"#UnfoldTheUniverse art - by Kirthi Jayakumar","User-submitted painting inspired by Webb observation, not observational data. Caption explicitly identifies as art by Kirthi Jayakumar.",https://www.flickr.com/photos/nasawebbtelescope/53222678780,2023-09-29 14:04:07,unclassified
53261576027,artwork_illustration,Webb Detects Tiny Quartz Crystals in the Clouds of a Hot Gas Giant,"Text ""Artist Illustration"" visible in image corner. Caption confirms artist's concept; Webb captured no images of WASP-17 b.",https://www.flickr.com/photos/nasawebbtelescope/53261576027,2023-10-16 10:22:49,exoplanet
53285617250,artwork_illustration,"#JWSTArt and #UnfoldTheUniverse Art  - by David Hingtgen","Community art submission for #JWSTArt campaign, Inktober challenge drawing inspired by Webb. No observational data.",https://www.flickr.com/photos/nasawebbtelescope/53285617250,2023-10-23 20:52:36,star
53320029907,artwork_illustration,NASA’s Webb Findings Support Long-Proposed Process of Planet Formation,"This is an artist's interpretation/illustration of spectroscopic data, not observational data itself. The graphic uses rendered visualizations of pebble drift processes with annotated diagrams and insets to explain the science, not direct observations.",https://www.flickr.com/photos/nasawebbtelescope/53320029907,2023-11-09 14:21:16,exoplanet
53320888821,artwork_illustration,NASA’s Webb Findings Support Long-Proposed Process of Planet Formation,"Image explicitly labeled ""Artist's Concept"" in caption. Illustrative rendering, not observational data from Webb despite referencing real Webb observations.",https://www.flickr.com/photos/nasawebbtelescope/53320888821,2023-11-09 14:16:31,exoplanet
53334331160,artwork_illustration,Webb Follows Neon Signs Toward New Thinking on Planet Formation (Artist Concept),"Text ""Artist Illustration"" clearly visible in image corner. Artist concept rendering of protoplanetary disk, not observational data.",https://www.flickr.com/photos/nasawebbtelescope/53334331160,2023-11-15 10:44:33,exoplanet
53349399694,artwork_illustration,NASA’s Webb Identifies Methane In an Exoplanet’s Atmosphere (Artist Illustration),"Text ""Artist's Concept"" visible in image corner. Image shows artist's rendering, not observational data, despite real science discovery about WASP-80 b's methane.",https://www.flickr.com/photos/nasawebbtelescope/53349399694,2023-09-06 16:10:51,exoplanet
53360333721,artwork_illustration,"#JWSTArt - Friendsgiving Universal Potluck","#JWSTArt community submission; artist's rendering of space missions at dinner table. No observational data.",https://www.flickr.com/photos/nasawebbtelescope/53360333721,2023-11-27 15:47:45,star
53362842680,artwork_illustration,"#JWSTArt - by Rollie Rolerson","#JWSTArt community submission. Artist's cartoon sketch of space probes celebrating Thanksgiving, no observational data.",https://www.flickr.com/photos/nasawebbtelescope/53362842680,2023-11-28 14:06:24,star
53367408399,artwork_illustration,Webb Study Reveals Rocky Planets Can Form in Extreme Environments (Artist Impression),"Text label ""Artist Concept"" clearly visible in image. This is an ESO/Calçada rendering, not Webb observational data, despite caption describing real Webb results.",https://www.flickr.com/photos/nasawebbtelescope/53367408399,2023-11-20 15:09:09,exoplanet
53400452069,artwork_illustration,"#UnfoldTheUniverse art - by Dan Zuch","Artist's painting inspired by Webb deep field data, part of #UnfoldTheUniverse community art campaign. Hand-painted artwork, not observational data.",https://www.flickr.com/photos/nasawebbtelescope/53400452069,2023-08-29 16:55:20,unclassified
53444643624,artwork_illustration,"#JWSTArt - Elaine Stewart","Crochet artwork inspired by Webb telescope, submitted to #JWSTArt campaign. Not observational data.",https://www.flickr.com/photos/nasawebbtelescope/53444643624,2024-01-05 11:35:21,star
53454414335,artwork_illustration,NASA’s Webb Finds Signs of Possible Aurorae on Isolated Brown Dwarf (ARTIST ILLUSTRATION),"Text in image reads ""Artist Illustration"". Caption describes an artist concept portraying W1935. This is a rendering, not observational data.",https://www.flickr.com/photos/nasawebbtelescope/53454414335,2024-01-09 16:33:42,observatory / engineering
53470361895,artwork_illustration,Early Galaxy Shapes Detected by Webb (Artist Concept),"Title explicitly labels this ""Artist Concept."" Rendered 3D shapes illustrating galaxy morphologies, not observational data.",https://www.flickr.com/photos/nasawebbtelescope/53470361895,2024-01-02 10:00:00,unclassified
53545406601,artwork_illustration,"#JWSTArt and #UnfoldTheUniverse Art  - by Patrick Champlin","Stained glass art inspired by JWST, part of #JWSTArt community campaign. Not observational data.",https://www.flickr.com/photos/nasawebbtelescope/53545406601,2023-11-22 16:30:02,star
53560291704,artwork_illustration,"#JWSTArt and #UnfoldTheUniverse Art  - by Rachel M Sifers","Hand-sewn hexagonal quilt from #JWSTArt community campaign. Artist-created textile art inspired by Webb, not observational data.",https://www.flickr.com/photos/nasawebbtelescope/53560291704,2024-02-10 11:56:05,star
53560444080,artwork_illustration,"#JWSTArt - by Silvia Maricchio","#JWSTArt community submission; vitreous enamel art inspired by Webb's commissioning selfie, not an observation.",https://www.flickr.com/photos/nasawebbtelescope/53560444080,2023-12-15 14:09:32,star
53560444100,artwork_illustration,"#JWSTArt - by Silvia Maricchio","Handmade slippers from #JWSTArt campaign. Creative fan art inspired by JWST, not observational data.",https://www.flickr.com/photos/nasawebbtelescope/53560444100,2022-12-18 12:42:53,star
53616666526,artwork_illustration,"#UnfoldTheUniverse art - by Fran Scher",Community-submitted art quilt inspired by Webb images. No observational data; hand-crafted textile art.,https://www.flickr.com/photos/nasawebbtelescope/53616666526,2024-03-28 11:18:16,unclassified
53617005524,artwork_illustration,"#UnfoldTheUniverse art - by Fran Scher","Community art quilt inspired by Webb. Title and caption clearly identify as artwork, not observational data.",https://www.flickr.com/photos/nasawebbtelescope/53617005524,2024-03-28 11:18:16,unclassified
53661794777,artwork_illustration,"#JWSTArt and #UnfoldTheUniverse Art  - by Michael Millman","Community haiku art submission for #JWSTArt campaign. Background shows telescope hardware, but the primary subject is creative poetry about Webb, not observational data.",https://www.flickr.com/photos/nasawebbtelescope/53661794777,2024-04-18 14:10:27,unclassified
53661794782,artwork_illustration,"#JWSTArt and #UnfoldTheUniverse Art  - by Rob Ahnemann","Haiku poem submitted for #JWSTArt campaign, combining creative text with telescope background image. User-submitted art inspired by Webb, not observational data.",https://www.flickr.com/photos/nasawebbtelescope/53661794782,2024-04-18 14:10:27,unclassified
53662667511,artwork_illustration,"#JWSTArt and #UnfoldTheUniverse Art  - by Anna Riedle","Community art submission (#JWSTArt hashtag) with haiku poetry overlaid on telescope imagery; no observational data.",https://www.flickr.com/photos/nasawebbtelescope/53662667511,2024-04-18 14:10:26,unclassified
53663023549,artwork_illustration,"#JWSTArt and #UnfoldTheUniverse Art  - by Katy M.","#JWSTArt community submission — haiku poem overlaid on telescope image. Creative, poetic work inspired by Webb, not observational data.",https://www.flickr.com/photos/nasawebbtelescope/53663023549,2024-04-18 14:10:26,unclassified
53663023589,artwork_illustration,"#JWSTArt and #UnfoldTheUniverse Art  - by Cam B.","Community art submission (#JWSTArt) combining poetic text with a background image of Webb hardware. No observational data.",https://www.flickr.com/photos/nasawebbtelescope/53663023589,2024-04-18 14:10:28,unclassified
53663129375,artwork_illustration,"#JWSTArt and #UnfoldTheUniverse Art  - by Alison Rose","A haiku poem overlaid on a hardware image, submitted to #JWSTArt campaign. Poetry is creative expression, not observational data.",https://www.flickr.com/photos/nasawebbtelescope/53663129375,2024-04-18 14:10:26,unclassified
53663129380,artwork_illustration,"#JWSTArt and #UnfoldTheUniverse Art  - by Elizabeth Jackson","Poetry/haiku submission to #JWSTArt community campaign. Background shows Webb hardware but artwork is the poem itself, not observational data.",https://www.flickr.com/photos/nasawebbtelescope/53663129380,2024-04-18 14:10:26,unclassified
53663129405,artwork_illustration,"#JWSTArt and #UnfoldTheUniverse Art  - by Logic","Community art submission (#JWSTArt); haiku poem overlaid on Webb hardware image. Not observational data.",https://www.flickr.com/photos/nasawebbtelescope/53663129405,2024-04-18 14:10:27,unclassified
53690440600,artwork_illustration,NASA’s Webb Maps Weather on Planet 280 Light-Years Away (Artist Concept),"Image labeled ""Artist Concept"" in title and overlay text. Caption describes Webb's observational results, but the image itself is a rendering, not observational data.",https://www.flickr.com/photos/nasawebbtelescope/53690440600,2024-04-30 15:21:42,exoplanet
53706147943,artwork_illustration,NASA's Webb Hints at Possible Atmosphere Surrounding Rocky Exoplanet  (Artist Concept),"Image clearly marked ""Artist Concept"" in corner. Caption confirms ""artist's concept"" and ""Webb has not captured any images."" This is an illustration of 55 Cancri e based on observational data, not observational data itself.",https://www.flickr.com/photos/nasawebbtelescope/53706147943,2024-05-07 16:07:37,unclassified
53708542777,artwork_illustration,"#UnfoldTheUniverse art - by Anuja Surgude","Artist's digital illustration combining mythological Ganesha figure with Webb deep field imagery. Explicitly stated as ""digital illustration"" created in Procreate by community artist.",https://www.flickr.com/photos/nasawebbtelescope/53708542777,2024-05-09 10:25:13,unclassified
53711631481,artwork_illustration,"#JWSTArt and #UnfoldTheUniverse Art  - by Peter Petite","#JWSTArt community submission—a haiku poem overlaid on Webb hardware. Artwork inspired by telescope, not observational data.",https://www.flickr.com/photos/nasawebbtelescope/53711631481,2024-05-10 11:16:19,unclassified
53711631486,artwork_illustration,"#JWSTArt and #UnfoldTheUniverse Art  - by Shohiny Amin","Art submission for #JWSTArt campaign. Poetry overlay on Webb telescope background image; no observational data.",https://www.flickr.com/photos/nasawebbtelescope/53711631486,2024-05-10 11:16:19,unclassified
53711846863,artwork_illustration,"#JWSTArt and #UnfoldTheUniverse Art  - by Jonathan Hayes","Community art submission with haiku overlaid on telescope hardware image. Explicitly tagged #JWSTArt, not observational astronomy data.",https://www.flickr.com/photos/nasawebbtelescope/53711846863,2024-05-10 11:16:19,unclassified
53734134231,artwork_illustration,Webb Cracks Case of Inflated Exoplanet (Artist Concept),"Text ""Artist Concept"" clearly marked in image corner. This is a rendering, not observational data from Webb.",https://www.flickr.com/photos/nasawebbtelescope/53734134231,2024-05-20 10:54:21,exoplanet
53737314326,artwork_illustration,"#UnfoldTheUniverse art - by Kirthi Jayakumar","Community art submission created in soft pastels, not observational data. Part of #UnfoldTheUniverse art campaign.",https://www.flickr.com/photos/nasawebbtelescope/53737314326,2024-05-17 22:35:25,unclassified
53738087867,artwork_illustration,"#UnfoldTheUniverse art - by Susan Subero","Community poetry submission for #UnfoldTheUniverse art campaign. Inspirational text, not observational data.",https://www.flickr.com/photos/nasawebbtelescope/53738087867,2024-05-22 11:04:42,unclassified
53739307164,artwork_illustration,"#UnfoldTheUniverse art - by James Schramel","#UnfoldTheUniverse art campaign submission by James Schramel. Poetry inspired by Webb mission, not observational data.",https://www.flickr.com/photos/nasawebbtelescope/53739307164,2024-05-22 10:47:13,unclassified
53739452990,artwork_illustration,"#UnfoldTheUniverse art - by Bruce Panday","#UnfoldTheUniverse art campaign submission. Poem about Webb by community artist, not observational data.",https://www.flickr.com/photos/nasawebbtelescope/53739452990,2024-05-22 11:13:14,unclassified
53741921153,artwork_illustration,Galaxies Actively Forming in Early Universe Caught Feeding on Cold Gas (Artist Concept),"Text ""Artist Concept"" printed in image bottom-left corner clearly marks this as artwork, not observational data, per gate rules.",https://www.flickr.com/photos/nasawebbtelescope/53741921153,2024-04-02 12:16:19,galaxy
53774224200,artwork_illustration,Webb Finds Plethora of Carbon Molecules Around Young Star (Artist Concept),"Image explicitly labeled ""Artist's Concept"" in both title and visible text overlay. Artist rendering, not observational data, despite real Webb science findings described in caption.",https://www.flickr.com/photos/nasawebbtelescope/53774224200,2024-06-06 14:12:39,exoplanet
53858833523,artwork_illustration,"NASA's Webb Investigates Eternal Sunrises, Sunsets on Distant World (Artist Concept)","Title and image explicitly marked ""Artist's Concept"". Rendered visualization, not observational data of actual exoplanet.",https://www.flickr.com/photos/nasawebbtelescope/53858833523,2024-07-15 12:12:58,exoplanet
53987646431,artwork_illustration,"#JWSTArt and #UnfoldTheUniverse art - by Jacob Whitehead","Hand-drawn sketch in spiral notebook; part of #JWSTArt community campaign. Artistic creation inspired by Webb, not observational data.",https://www.flickr.com/photos/nasawebbtelescope/53987646431,2024-09-11 10:29:06,star
53987719486,artwork_illustration,"#UnfoldTheUniverse art - by  Julia Curylo","Artist submission to #UnfoldTheUniverse campaign. Caption explicitly states ""paintings"" and artist discusses creating ""art inspired by the James Webb Space Telescope."" No observational data.",https://www.flickr.com/photos/nasawebbtelescope/53987719486,2023-03-23 13:28:11,unclassified
53987739496,artwork_illustration,"#UnfoldTheUniverse art - by Patricia Backer","Community art submission using Webb imagery. Artist-created quilt inspired by Carina Nebula, not observational data itself.",https://www.flickr.com/photos/nasawebbtelescope/53987739496,2024-09-11 11:10:36,unclassified
53987938703,artwork_illustration,"#UnfoldTheUniverse art - by Holly Streekstra","Artist's interpretation and reinterpretation via wax encaustic paintings. Caption explicitly identifies as art inspired by JWST, not observational data.",https://www.flickr.com/photos/nasawebbtelescope/53987938703,2024-07-30 11:38:31,unclassified
53988033154,artwork_illustration,"#UnfoldTheUniverse art - by  Julia Curylo","Artist's submission to #UnfoldTheUniverse campaign. Contains illustrated flowers, bees, astronaut, and honeycomb motif inspired by JWST, not observational data.",https://www.flickr.com/photos/nasawebbtelescope/53988033154,2024-03-25 16:13:16,unclassified
53988134340,artwork_illustration,"#UnfoldTheUniverse art - by Holly Streekstra","Artist's creation (wax encaustic paintings and photograms) inspired by JWST observations, not observational data itself.",https://www.flickr.com/photos/nasawebbtelescope/53988134340,2024-08-01 20:49:24,unclassified
53989453402,artwork_illustration,"#JWSTArt - Louise Perreaudin for ArianeGroup","#JWSTArt campaign submission. Cartoon illustration of Webb and launch rocket by artist Louise Perreaudin for ArianeGroup kids' page. No observational data.",https://www.flickr.com/photos/nasawebbtelescope/53989453402,2024-09-12 14:26:34,star
53990351826,artwork_illustration,"#JWSTArt - Louise Perreaudin for ArianeGroup","#JWSTArt submission. Illustrated artwork depicting Ariane 5 rocket and whimsical space scene. No observational data.",https://www.flickr.com/photos/nasawebbtelescope/53990351826,2024-09-12 14:26:31,star
53990351881,artwork_illustration,"#JWSTArt - Louise Perreaudin for ArianeGroup","#JWSTArt campaign submission; cartoon illustration of Webb as a character, not observational data.",https://www.flickr.com/photos/nasawebbtelescope/53990351881,2024-09-12 14:26:32,star
53990587098,artwork_illustration,"#JWSTArt - Louise Perreaudin for ArianeGroup","Explicitly labeled #JWSTArt submission—artist illustration, not observational data. Created by Louise Perreaudin for ArianeGroup.",https://www.flickr.com/photos/nasawebbtelescope/53990587098,2024-09-12 14:26:32,star
54037867034,artwork_illustration,NASA's Webb Reveals Unusual Jets of Volatile Gas from Icy Centaur 29P (Artist's Concept),"Text label ""Artist's Concept"" visible in image corner confirms rendering, not observational data.",https://www.flickr.com/photos/nasawebbtelescope/54037867034,2024-10-02 10:08:45,observatory / engineering
54049989994,artwork_illustration,"#UnfoldTheUniverse art - by Felicia Tsung","Hand embroidery artwork inspired by Tarantula Nebula, part of #UnfoldTheUniverse campaign. Not observational data.",https://www.flickr.com/photos/nasawebbtelescope/54049989994,2024-09-15 14:18:10,unclassified
54335344982,artwork_illustration,Webb Reveals Rapid-Fire Light Show From Milky Way’s Central Black Hole,"Text ""Artist's Concept"" appears in bottom left corner. Rendered visualization, not observational data from Webb.",https://www.flickr.com/photos/nasawebbtelescope/54335344982,2025-02-18 14:54:38,galaxy
54349715342,artwork_illustration,Webb Forecasts Partially Cloudy Skies on Ultra-Hot Neptune LTT 9779 b.,"Image explicitly labeled ""Artist Concept"" in white text. Artist rendition of exoplanet, not observational data.",https://www.flickr.com/photos/nasawebbtelescope/54349715342,2025-02-25 13:58:00,exoplanet
54363063566,artwork_illustration,NASA's Webb Exposes Complex Atmosphere of Starless Super-Jupiter,"""Artist's Concept"" text visible in lower left corner confirms this is an illustration, not observational data.",https://www.flickr.com/photos/nasawebbtelescope/54363063566,2025-03-03 12:20:05,exoplanet
54442929666,artwork_illustration,NASA Webb's Autopsy of Planet Swallowed by Star Yields Surprise,"Text ""Artist Illustration"" visible in image. Artistic rendering of planet ingestion, not observational data.",https://www.flickr.com/photos/nasawebbtelescope/54442929666,2025-04-10 10:12:59,exoplanet
54498940513,artwork_illustration,NASA’s Webb Lifts Veil on Common but Mysterious Type of Exoplanet,"Text ""Artist's Concept"" visible in image corners explicitly marks this as an illustration, not observational data.",https://www.flickr.com/photos/nasawebbtelescope/54498940513,2025-05-05 11:31:11,exoplanet
54521739963,artwork_illustration,Another First: NASA Webb Identifies Frozen Water in Young Star System,"Text ""Artist's Concept"" visible in lower left corner of image. Artist's rendition, not observational data.",https://www.flickr.com/photos/nasawebbtelescope/54521739963,2025-05-15 12:51:39,exoplanet
54705920369,artwork_illustration,NASA's Webb Finds New Evidence for Planet Around Closest Solar Twin,"Image explicitly labeled ""Artist Illustration"" in text overlay. Artist concept, not observational data.",https://www.flickr.com/photos/nasawebbtelescope/54705920369,2025-08-07 11:00:33,exoplanet
54718257396,artwork_illustration,Webb Narrows Atmospheric Possibilities for Earth-sized Exoplanet TRAPPIST-1 d,"Image explicitly labeled ""Artist's Concept"" in lower left corner. Rendered depiction of exoplanet transit, not observational data.",https://www.flickr.com/photos/nasawebbtelescope/54718257396,2025-08-13 10:05:53,exoplanet
54774029725,artwork_illustration,"NASA’s Webb Looks at Earth-sized, Habitable-zone Exoplanet TRAPPIST-1 e","Image clearly marked ""Artist's Concept"" in lower left corner. Artist rendering of TRAPPIST-1 system, not observational data.",https://www.flickr.com/photos/nasawebbtelescope/54774029725,2025-09-08 10:25:21,exoplanet
54776365099,artwork_illustration,"NASA Study: Celestial ‘Accident’ Sheds Light on Jupiter, Saturn Riddle","Image marked ""Artist Illustration"" in lower left corner. Caption describes real science but image is artist's rendering, not observational data.",https://www.flickr.com/photos/nasawebbtelescope/54776365099,2025-09-09 11:39:20,exoplanet
54820347920,artwork_illustration,NASA’s Webb Telescope Studies Moon-Forming Disk Around Massive Planet,"Text ""Artist's Concept"" visible in upper right corner. Despite caption describing Webb observations, the image is a rendering.",https://www.flickr.com/photos/nasawebbtelescope/54820347920,2025-09-29 10:32:03,exoplanet
54976815292,artwork_illustration,NASA’s Webb Detects Thick Atmosphere Around Broiling Lava World (Artist Illustration),"Image displays ""Artist Illustration"" text and depicts an artist's rendering of TOI-561 b, not observational data from Webb.",https://www.flickr.com/photos/nasawebbtelescope/54976815292,2025-12-11 10:01:14,exoplanet
54985712327,artwork_illustration,Super-Earth Exoplanet TOI-561 b (Artist's Concept),"Image explicitly labeled ""Artist Illustration"" in frame. Webb observed TOI-561 b via spectroscopy only; no direct images captured.",https://www.flickr.com/photos/nasawebbtelescope/54985712327,2025-12-15 16:21:27,unclassified
54988280348,artwork_illustration,NASA’s Webb Observes Exoplanet Whose Composition Defies Explanation (Artist Concept),"Image explicitly labeled ""Artist's Concept"" in corner. No observational photons; rendering of PSR J2322-2650b.",https://www.flickr.com/photos/nasawebbtelescope/54988280348,2025-12-16 10:51:43,unclassified
54988351895,artwork_illustration,Exoplanet PSR J2322-2650b (Artist's Concept),"Image marked ""Artist's Concept"" in lower right corner. Artist's renderings are never observations, regardless of caption describing real Webb discoveries.",https://www.flickr.com/photos/nasawebbtelescope/54988351895,2025-12-16 10:35:40,unclassified
55039370738,artwork_illustration,NASA’s Webb Peers Deep into Heart of Circinus Galaxy,"Text ""Artist's Concept"" visible in lower right corner of image. Artist illustration, not observational data.",https://www.flickr.com/photos/nasawebbtelescope/55039370738,2026-01-13 08:59:58,galaxy
55207880390,artwork_illustration,"NASA’s Webb Redefines Dividing Line Between Planets, Stars","Text ""Artist's Concept"" visible in image. Artist rendering despite real Webb spectroscopic data on 29 Cyg b.",https://www.flickr.com/photos/nasawebbtelescope/55207880390,2026-04-14 13:45:31,
55248822876,artwork_illustration,"#UnfoldTheUniverse art - by montevistadesigns","Hand-painted wood ornament inspired by Webb imagery, not observational data. Community art from #UnfoldTheUniverse campaign.",https://www.flickr.com/photos/nasawebbtelescope/55248822876,2026-05-04 13:35:51,
51773188447,hardware_engineering,James Webb Space Telescope Prelaunch,"Image shows launch control center monitoring JWST countdown, not observational data of space objects.",https://www.flickr.com/photos/nasawebbtelescope/51773188447,2021-12-25 07:10:35,
51774235453,hardware_engineering,James Webb Space Telescope Prelaunch,"Image shows Ariane 5 rocket and launch control monitors at ground station—hardware and infrastructure, not space observations.",https://www.flickr.com/photos/nasawebbtelescope/51774235453,2021-12-25 07:13:18,
51774827564,hardware_engineering,James Webb Space Telescope Launch,"Launch photograph of Ariane 5 rocket carrying JWST. Hardware engineering—the telescope and launch vehicle are the subjects, not astronomical observations.",https://www.flickr.com/photos/nasawebbtelescope/51774827564,2021-12-25 09:20:23,
51774831484,hardware_engineering,James Webb Space Telescope Launch,"Image of Ariane 5 rocket launching with JWST aboard. Hardware/launch vehicle, not observational data.",https://www.flickr.com/photos/nasawebbtelescope/51774831484,2021-12-25 08:01:15,
51775043129,hardware_engineering,James Webb Space Telescope Launch,"The image shows the Ariane 5 rocket carrying the James Webb Space Telescope at launch. The subject is the hardware/telescope system itself, not an astronomical observation.",https://www.flickr.com/photos/nasawebbtelescope/51775043129,2021-12-25 09:18:15,
51775090715,hardware_engineering,James Webb Space Telescope Launch,"Image shows the Ariane 5 launch vehicle carrying Webb at liftoff—hardware engineering documentation, not astronomical observation data.",https://www.flickr.com/photos/nasawebbtelescope/51775090715,2021-12-25 09:20:00,
51775389630,hardware_engineering,James Webb Space Telescope Launch,"Photograph of Ariane 5 rocket launching JWST. Hardware/launch vehicle, not observational astronomy data.",https://www.flickr.com/photos/nasawebbtelescope/51775389630,2021-12-25 09:20:16,
51775886252,hardware_engineering,Humanity’s Last Glimpse of the James Webb Space Telescope,"Image shows the James Webb Space Telescope hardware itself during deployment separation, not astronomical observations of space objects.",https://www.flickr.com/photos/nasawebbtelescope/51775886252,2021-12-26 08:52:54,
51786411427,hardware_engineering,James Webb Space Telescope Launch,"Launch vehicle with Webb telescope; hardware engineering, not observational data of astronomical objects.",https://www.flickr.com/photos/nasawebbtelescope/51786411427,2021-12-25 09:20:10,
51786411542,hardware_engineering,James Webb Space Telescope Launch,"Image shows rocket launch with JWST aboard at Guiana Space Centre. This is hardware/infrastructure, not observational data from space.",https://www.flickr.com/photos/nasawebbtelescope/51786411542,2021-12-25 09:20:08,
51786411717,hardware_engineering,James Webb Space Telescope Launch,"Image shows Webb telescope hardware—launch vehicle at liftoff. Subject is the spacecraft and launch system, not astronomical observation.",https://www.flickr.com/photos/nasawebbtelescope/51786411717,2021-12-25 09:20:14,
51787220011,hardware_engineering,James Webb Space Telescope Prelaunch,"Launch control room monitoring Ariane 5 rocket carrying JWST; humans and hardware are the subjects, not observations of space.",https://www.flickr.com/photos/nasawebbtelescope/51787220011,2021-12-25 09:32:02,
51787231466,hardware_engineering,James Webb Space Telescope Prelaunchl,"Image shows launch control center personnel monitoring JWST countdown pre-launch. Subject is the mission hardware and operations, not astronomical observation.",https://www.flickr.com/photos/nasawebbtelescope/51787231466,2021-12-25 09:15:36,
51787479808,hardware_engineering,James Webb Space Telescope Launch,"Launch of the James Webb Space Telescope itself aboard Ariane 5 rocket; hardware documentation, not observational data.",https://www.flickr.com/photos/nasawebbtelescope/51787479808,2021-12-25 09:20:16,
51787480398,hardware_engineering,James Webb Space Telescope Launch,"JWST launch vehicle and hardware at European Spaceport. This is the telescope itself being launched, not observational data.",https://www.flickr.com/photos/nasawebbtelescope/51787480398,2021-12-25 09:19:49,
51787480748,hardware_engineering,James Webb Space Telescope Prelaunchl,"Image shows launch vehicle models and control center personnel pre-launch, not observational data. Hardware and mission operations context.",https://www.flickr.com/photos/nasawebbtelescope/51787480748,2021-12-25 08:11:04,
51787484628,hardware_engineering,James Webb Space Telescope Prelaunchl,"Image shows launch control room with personnel monitoring JWST launch countdown. Hardware engineering documentation of mission operations, not observational data.",https://www.flickr.com/photos/nasawebbtelescope/51787484628,2021-12-25 09:07:55,
51787852294,hardware_engineering,James Webb Space Telescope Launch,"This is the James Webb Space Telescope being launched aboard Ariane 5. The subject is the hardware/launch vehicle, not space observations.",https://www.flickr.com/photos/nasawebbtelescope/51787852294,2021-12-25 04:19:44,
51787852384,hardware_engineering,James Webb Space Telescope Launch,"Photograph of Ariane 5 rocket launching JWST into orbit. Shows the telescope hardware itself, not astronomical observations.",https://www.flickr.com/photos/nasawebbtelescope/51787852384,2021-12-25 09:20:21,
51787852604,hardware_engineering,James Webb Space Telescope Launch,"Photograph of Ariane 5 rocket launching with JWST payload. Shows the launch vehicle and hardware, not observational data of astronomical objects.",https://www.flickr.com/photos/nasawebbtelescope/51787852604,2021-12-25 09:20:11,
51806954697,hardware_engineering,James Webb Space Telescope Second Primary Mirror Deployment,"Image shows mission team monitoring telescope deployment from control center. Humans and operations equipment are the subject, not astronomical data.",https://www.flickr.com/photos/nasawebbtelescope/51806954697,2022-01-08 12:49:29,
51807854436,hardware_engineering,James Webb Space Telescope Second Primary Mirror Deployment,"Control room image showing engineering teams and mission operations during Webb mirror deployment. Humans and telescope hardware operations, not observational data.",https://www.flickr.com/photos/nasawebbtelescope/51807854436,2022-01-08 10:28:52,
51807866451,hardware_engineering,James Webb Space Telescope Second Primary Mirror Deployment,"Image shows mission control monitoring JWST mirror deployment in space. Subject is hardware engineering, not astronomical observation.",https://www.flickr.com/photos/nasawebbtelescope/51807866451,2022-01-08 10:25:53,
51807909571,hardware_engineering,James Webb Space Telescope Second Primary Mirror Wing Deployment,"People monitoring Webb mirror deployment at mission operations center. Hardware/mission event, not observational data.",https://www.flickr.com/photos/nasawebbtelescope/51807909571,2022-01-08 12:49:13,
51808226489,hardware_engineering,James Webb Space Telescope Second Primary Mirror Deployment,"Image shows control center monitoring telescope deployment, not observational data. Subject is mission operations personnel and monitoring systems.",https://www.flickr.com/photos/nasawebbtelescope/51808226489,2022-01-08 10:11:04,
51808226699,hardware_engineering,James Webb Space Telescope Second Primary Mirror Deployment,"Image shows mission control personnel monitoring telescope deployment via telemetry displays during a mission operations event, not space observation data.",https://www.flickr.com/photos/nasawebbtelescope/51808226699,2022-01-08 10:27:21,
51808445175,hardware_engineering,James Webb Space Telescope Second Primary Mirror Deployment,"Image shows NASA engineering teams in a control center monitoring primary mirror deployment in space. This is hardware_engineering: telescope operations and deployment, not observational data.",https://www.flickr.com/photos/nasawebbtelescope/51808445175,2022-01-08 10:28:16,
51808600040,hardware_engineering,James Webb Space Telescope Second Primary Mirror Deployment,"Image shows engineers monitoring telescope deployment at mission control center. Hardware engineering: telescope systems and operations, not space observation.",https://www.flickr.com/photos/nasawebbtelescope/51808600040,2022-01-08 10:27:48,
51808600620,hardware_engineering,James Webb Space Telescope Second Primary Mirror Deployment,"People and control room celebrating Webb primary mirror deployment. Subject is NASA mission operations, not astronomical observation.",https://www.flickr.com/photos/nasawebbtelescope/51808600620,2022-01-08 10:28:13,
51813694550,hardware_engineering,Webb Model - Anne-Sophie Chys,"This is a handmade paper model of the James Webb Space Telescope, a representation of the hardware itself, not observational data from the telescope.",https://www.flickr.com/photos/nasawebbtelescope/51813694550,2022-01-10 15:29:14,
51842722381,hardware_engineering,Webb Model - by Matthias Greiner-Petter,"A handmade paper model of the James Webb Space Telescope, not actual observatory hardware or observational data.",https://www.flickr.com/photos/nasawebbtelescope/51842722381,2022-01-04 18:04:29,
51843463610,hardware_engineering,Webb Model - by Matthias Greiner-Petter,"Physical model/craft of Webb telescope itself, not observational data. Educational DIY project submitted to NASA gallery.",https://www.flickr.com/photos/nasawebbtelescope/51843463610,2022-01-04 18:03:32,
51843587552,hardware_engineering,Webb Model - Fabiana Mejia,Physical model of Webb telescope built by user; not observational data. Hardware_engineering covers telescope hardware including models and educational representations.,https://www.flickr.com/photos/nasawebbtelescope/51843587552,2022-01-26 13:11:49,unclassified
51875918803,hardware_engineering,Webb Model - Chris Baetens,"A 1:7 scale model of the James Webb Space Telescope, not observational data. Shows telescope hardware components including mirror segments and sunshield.",https://www.flickr.com/photos/nasawebbtelescope/51875918803,2022-02-11 15:24:54,unclassified
51876238319,hardware_engineering,Webb Model - Brian Mernoff,"This is a 3D-printed scale model of the Webb telescope, not observational data. It depicts the telescope's physical structure and design.",https://www.flickr.com/photos/nasawebbtelescope/51876238319,2021-12-31 21:59:42,unclassified
51884660047,hardware_engineering,Photons Received: Webb Sees Its First Star – 18 Times,Test image showing Webb's primary mirror segments receiving light from a single star. Demonstrates hardware capability rather than an astronomical observation of the object itself.,https://www.flickr.com/photos/nasawebbtelescope/51884660047,2022-02-16 13:12:18,observatory / engineering
51884707637,hardware_engineering,James Webb Space Telescope Second Primary Mirror Deployment,"Mission Operations Center personnel monitoring Webb telescope deployment. Hardware engineering—telescope operations and deployment, not astronomical observation.",https://www.flickr.com/photos/nasawebbtelescope/51884707637,2022-01-08 10:08:59,star
51884713492,hardware_engineering,James Webb Space Telescope Second Primary Mirror Deployment,"Image shows Webb mission operations staff monitoring telescope deployment in a control center. Subject is the telescope hardware and mission operations, not astronomical observations.",https://www.flickr.com/photos/nasawebbtelescope/51884713492,2022-01-08 09:59:38,star
51884719572,hardware_engineering,James Webb Space Telescope Second Primary Mirror Deployment,"Image shows NASA mission team members monitoring JWST primary mirror deployment from mission control center. Humans and hardware control facility, not astronomical observation.",https://www.flickr.com/photos/nasawebbtelescope/51884719572,2022-01-08 10:17:36,observatory / engineering
51885687076,hardware_engineering,James Webb Space Telescope Second Primary Mirror Deployment,"Mission control room monitoring Webb's mirror deployment in space. Subject is the telescope hardware and operations, not astronomical observation.",https://www.flickr.com/photos/nasawebbtelescope/51885687076,2022-01-08 13:07:41,observatory / engineering
51885688246,hardware_engineering,James Webb Space Telescope Second Primary Mirror Deployment,"Image shows commissioning manager monitoring JWST deployment from Mission Operations Center. Subject is telescope hardware and personnel, not astronomical observation.",https://www.flickr.com/photos/nasawebbtelescope/51885688246,2022-01-08 10:23:49,observatory / engineering
51885761323,hardware_engineering,James Webb Space Telescope Second Primary Mirror Deployment,"Image shows a NASA engineer monitoring JWST mirror deployment from mission control. This is telescope hardware engineering, not observational data.",https://www.flickr.com/photos/nasawebbtelescope/51885761323,2022-01-08 09:47:27,observatory / engineering
51885950254,hardware_engineering,"Primary Mirror ""selfie""",Engineering image of Webb's primary mirror taken by NIRCam's special inward-looking lens to verify telescope alignment with science instruments.,https://www.flickr.com/photos/nasawebbtelescope/51885950254,2022-02-16 13:09:52,observatory / engineering
51886005794,hardware_engineering,James Webb Space Telescope Second Primary Mirror Deployment,"Control room photograph of commissioning staff monitoring deployment of Webb's primary mirror in real-time. Subject is the telescope hardware and mission operations, not space observations.",https://www.flickr.com/photos/nasawebbtelescope/51886005794,2022-01-08 10:00:59,observatory / engineering
51886012529,hardware_engineering,James Webb Space Telescope Second Primary Mirror Deployment,"Image shows NASA personnel monitoring JWST mirror deployment from mission operations center—hardware engineering, not space observation.",https://www.flickr.com/photos/nasawebbtelescope/51886012529,2022-01-08 10:07:51,star
51886277650,hardware_engineering,Photons Received: Webb Sees Its First Star – 18 Times,"Initial alignment mosaic showing 18 mirror segments' responses. Hardware engineering: telescope commissioning image, not astronomical observation of an object.",https://www.flickr.com/photos/nasawebbtelescope/51886277650,2022-02-16 13:11:07,observatory / engineering
51886333730,hardware_engineering,James Webb Space Telescope Second Primary Mirror Deployment,"Image shows mission control staff monitoring JWST operations during mirror deployment. This is hardware engineering: human oversight of telescope systems, not observational data.",https://www.flickr.com/photos/nasawebbtelescope/51886333730,2022-01-08 09:44:20,observatory / engineering
51886337595,hardware_engineering,James Webb Space Telescope Second Primary Mirror Deployment,"Shows mission operations personnel monitoring telescope deployment in control center. This is hardware engineering: telescope operations and deployment, not astronomical observation.",https://www.flickr.com/photos/nasawebbtelescope/51886337595,2022-01-08 13:01:33,observatory / engineering
51886337960,hardware_engineering,James Webb Space Telescope Second Primary Mirror Deployment,"Photo of control room monitor showing JWST mirror deployment in progress; telescope hardware, not observational data.",https://www.flickr.com/photos/nasawebbtelescope/51886337960,2022-01-08 10:36:14,observatory / engineering
51886622622,hardware_engineering,Archival Image: Fueling Suits,"Launch preparation work showing fueling team in hazard suits; spacecraft hardware engineering, not observational data.",https://www.flickr.com/photos/nasawebbtelescope/51886622622,2021-10-29 07:47:22,observatory / engineering
51886624627,hardware_engineering,Archival Image: Webb arriving at S5B,"Webb telescope arriving at payload preparation complex during launch preparation at Kourou. Shows the telescope as hardware/engineering subject, not astronomical observation.",https://www.flickr.com/photos/nasawebbtelescope/51886624627,2021-11-12 11:12:39,observatory / engineering
51886626027,hardware_engineering,Archival Image: Webb pushed into an airlock,"The image shows the James Webb Space Telescope during launch preparation in a clean room facility, with technicians preparing it for an airlock. This is hardware documentation, not astronomical observation.",https://www.flickr.com/photos/nasawebbtelescope/51886626027,2021-11-12 08:18:44,observatory / engineering
51887586636,hardware_engineering,Archival Image: Webb removed from Transporter,Webb telescope hardware being transported/removed from specialized container during launch preparation at Kourou spaceport.,https://www.flickr.com/photos/nasawebbtelescope/51887586636,2021-11-12 15:39:41,observatory / engineering
51887589316,hardware_engineering,Archival Image: Webb lifted onto flight launch adapter,"The image shows the James Webb Space Telescope being prepared for launch in a clean room facility, being lifted onto its flight launch adapter. This is hardware engineering documentation of the telescope itself.",https://www.flickr.com/photos/nasawebbtelescope/51887589316,2021-11-09 08:47:28,observatory / engineering
51887669838,hardware_engineering,Archival Image: Webb is moved into S5B,"Webb telescope itself being prepared for launch in S5B facility. This is hardware engineering documentation, not observational data.",https://www.flickr.com/photos/nasawebbtelescope/51887669838,2021-11-12 15:55:12,observatory / engineering
51887917049,hardware_engineering,Archival Image: Webb being transported to S5B,"Image shows JWST hardware during ground preparation and transportation at launch facility, not observational data.",https://www.flickr.com/photos/nasawebbtelescope/51887917049,2021-11-12 11:04:32,observatory / engineering
51888243345,hardware_engineering,Archival Image: Fueling Suits,"Shows fueling team in hazard suits at Europe's Spaceport during Webb launch preparation, not observational data.",https://www.flickr.com/photos/nasawebbtelescope/51888243345,2021-10-29 07:46:23,observatory / engineering
51888243910,hardware_engineering,Archival Image: Webb at S5B,"The image shows the James Webb Space Telescope itself during assembly and preparation, not observational data. This is hardware engineering documentation.",https://www.flickr.com/photos/nasawebbtelescope/51888243910,2021-11-12 15:57:00,observatory / engineering
51888245810,hardware_engineering,Archival Image: Work on Webb in S5B,"Shows technicians in cleanroom suits working on JWST hardware during launch preparation in Kourou. Hardware engineering documentation, not observational data.",https://www.flickr.com/photos/nasawebbtelescope/51888245810,2021-11-12 09:23:40,observatory / engineering
51888246200,hardware_engineering,Archival Image: Webb in the Transporter,"Shows Webb telescope in transport container at spaceport during pre-launch processing; depicts hardware and cleanroom operations, not space observations.",https://www.flickr.com/photos/nasawebbtelescope/51888246200,2021-11-12 09:06:56,observatory / engineering
51888246775,hardware_engineering,Archival Image: Webb on flight launch adapter,"Image shows the James Webb Space Telescope hardware itself mounted on flight launch adapter during pre-launch preparation, not astronomical observations.",https://www.flickr.com/photos/nasawebbtelescope/51888246775,2021-11-11 20:09:19,observatory / engineering
51889365981,hardware_engineering,Webb Model - Arjun Sooraj,"Physical model of the Webb telescope with its distinctive hexagonal mirror segments and sunshield. Not observational data, but hardware representation.",https://www.flickr.com/photos/nasawebbtelescope/51889365981,2022-01-07 21:38:51,unclassified
51889624786,hardware_engineering,Webb Team Brings 18 Dots of Starlight Into Hexagonal Formation,"Early Webb mirror alignment test showing 18 hexagonal segments. This is an engineering/calibration image, not science data of an astronomical object.",https://www.flickr.com/photos/nasawebbtelescope/51889624786,2022-02-18 10:09:13,observatory / engineering
51890035730,hardware_engineering,Webb Model - by Lawrence D'souza,"A paper model of the Webb telescope, not actual observational data or hardware documentation. Educational/promotional craft.",https://www.flickr.com/photos/nasawebbtelescope/51890035730,2022-02-18 12:59:46,unclassified
51890125820,hardware_engineering,Webb model - Mukund Pandey,A physical paper/craft model of the Webb telescope held in hand. Not observational data; depicts the instrument hardware itself.,https://www.flickr.com/photos/nasawebbtelescope/51890125820,2022-01-01 16:59:46,unclassified
51890278910,hardware_engineering,Webb Team Brings 18 Dots of Starlight Into Hexagonal Formation (labeled),"Image shows Webb primary mirror segment alignment during commissioning. This is engineering/calibration data, not astronomical observation of a celestial object.",https://www.flickr.com/photos/nasawebbtelescope/51890278910,2022-02-17 15:24:16,observatory / engineering
51903750754,hardware_engineering,Webb Mirror Alignment Continues Successfully (Post-Image Stacking image),"Image documents Webb mirror alignment engineering process during commissioning, not astronomical observation of a celestial object.",https://www.flickr.com/photos/nasawebbtelescope/51903750754,2022-02-24 15:22:27,observatory / engineering
51904070450,hardware_engineering,Webb Mirror Alignment Continues Successfully (Post-Global Alignment Image),"Image of Webb's mirror segments during alignment testing, not observational astronomy. Hardware engineering documentation of mirror calibration.",https://www.flickr.com/photos/nasawebbtelescope/51904070450,2022-02-24 16:00:37,observatory / engineering
51942047253,hardware_engineering,Telescope Alignment Evaluation Image,"Image is explicitly labeled ""Telescope Alignment Evaluation Image"" and caption describes mirror alignment testing, not science observation of astronomical objects.",https://www.flickr.com/photos/nasawebbtelescope/51942047253,2022-03-13 14:11:55,observatory / engineering
51942282534,hardware_engineering,NIRCam Alignment Selfie_Labeled,Engineering selfie of Webb's 18 mirror segments using specialized pupil imaging lens. Not sky observation—hardware verification during alignment.,https://www.flickr.com/photos/nasawebbtelescope/51942282534,2022-03-14 16:09:16,observatory / engineering
51957578510,hardware_engineering,Webb Model - by Ajith Kannan,"This is a paper model of the Webb telescope, not observational data. It depicts the instrument hardware as a craft project.",https://www.flickr.com/photos/nasawebbtelescope/51957578510,2022-02-28 21:30:13,unclassified
51972179949,hardware_engineering,Webb Model by Istanbul İTO BİLSEM,"Educational model/physical representation of Webb telescope, not observational data or actual hardware engineering.",https://www.flickr.com/photos/nasawebbtelescope/51972179949,2022-03-15 16:42:30,unclassified
51974380320,hardware_engineering,Webb Model by Alex Benes Jr.,A handmade paper model of the Webb telescope against a starfield background. Not observational data; depicts hardware.,https://www.flickr.com/photos/nasawebbtelescope/51974380320,2022-03-03 20:12:34,unclassified
51974380345,hardware_engineering,Webb Model by Alex Benes Jr.,"Physical model of Webb telescope hardware, not an astronomical observation. Subject of the image is the telescope itself.",https://www.flickr.com/photos/nasawebbtelescope/51974380345,2022-03-03 20:13:35,unclassified
51974447325,hardware_engineering,Webb Model by Roger Garbellotto,"This is a handmade model of the Webb telescope itself, not observational data. It is hardware representation, not astronomical observation.",https://www.flickr.com/photos/nasawebbtelescope/51974447325,2022-03-31 15:53:17,unclassified
52035299922,hardware_engineering,Webb_Image_Sharpness_Check,"Engineering calibration test of Webb telescope alignment and focus across all instruments. Data acquired for commissioning purposes, not science.",https://www.flickr.com/photos/nasawebbtelescope/52035299922,2022-04-28 15:13:03,observatory / engineering
52036591864,hardware_engineering,Webb_Image_Sharpness_Check_Highlights,"Engineering test images for telescope alignment and focus verification. Images are calibration data demonstrating instrument performance, not scientific observation of astronomical objects.",https://www.flickr.com/photos/nasawebbtelescope/52036591864,2022-04-28 15:12:52,observatory / engineering
52183078687,hardware_engineering,"Webb’s Mid-Infrared Spectroscopy Will Reveal Molecules, Elements","Engineering calibration data cubes from MIRI MRS commissioning. Shows test results and image quality, not science observations. Hardware demonstration.",https://www.flickr.com/photos/nasawebbtelescope/52183078687,2022-06-30 10:04:37,observatory / engineering
52184086358,hardware_engineering,"Webb’s NIRISS Ready to See Cosmos in Over 2,000 Infrared Colors","Postlaunch test detector image of NIRISS instrument itself during commissioning, not astronomical observation of a celestial object.",https://www.flickr.com/photos/nasawebbtelescope/52184086358,2022-06-16 09:38:46,observatory / engineering
52200893526,hardware_engineering,NASA’s Webb Telescope NIRSpec Instrument Ready for Science,"This is a commissioning test image demonstrating NIRSpec's readiness. The caption explicitly states it is a ""commissioning test image"" and the purpose is to verify the instrument's operational modes, not to conduct science on astronomical objects. This is hardware validation.",https://www.flickr.com/photos/nasawebbtelescope/52200893526,2022-07-07 16:02:26,observatory / engineering
52281019823,hardware_engineering,NASA Social - Touring NASA Goddard,"NASA Goddard facility tour showing vibration testing platforms used for hardware engineering and testing, not observational astronomy data.",https://www.flickr.com/photos/nasawebbtelescope/52281019823,2022-07-13 10:18:46,unclassified
52281261704,hardware_engineering,NASA Social - Touring Goddard,"People at a facility photographing telescope hardware testing. Roman Telescope (not Webb). Hardware engineering activity, not observation.",https://www.flickr.com/photos/nasawebbtelescope/52281261704,2022-08-12 12:04:58,unclassified
52477412909,hardware_engineering,Webb Model by Amelia Routhier,"Physical model of the James Webb Space Telescope, not observational data. Shows the telescope hardware itself, specifically a paper/craft model.",https://www.flickr.com/photos/nasawebbtelescope/52477412909,2022-11-04 15:22:06,unclassified
52719055877,hardware_engineering,Webb Model by Park Jidam,"This is a handmade educational model of the Webb Telescope made by a child, not actual hardware or observational data. It represents the telescope's design but is not the telescope itself or observatory data.",https://www.flickr.com/photos/nasawebbtelescope/52719055877,2022-08-12 17:36:00,unclassified
52722360844,hardware_engineering,Webb Model by Youssef Elking,Photo of a child holding a paper model of the James Webb Space Telescope. Shows hardware but not observational data; clearly educational outreach material.,https://www.flickr.com/photos/nasawebbtelescope/52722360844,2021-06-12 13:47:48,unclassified
52974970374,hardware_engineering,Webb Model by Alen Manoj,"Student-made model of JWST from scrap materials. Subject is the hardware/model itself, not observational data.",https://www.flickr.com/photos/nasawebbtelescope/52974970374,2022-11-04 10:02:21,unclassified
53059670266,hardware_engineering,Webb Model by Helene Mehner,"Physical model of Webb telescope built by a student, not observational data or space science content.",https://www.flickr.com/photos/nasawebbtelescope/53059670266,2023-02-20 11:05:16,unclassified
53215557826,hardware_engineering,"December 30, 2021 - Webb On Its Way to L2 - by Dominque Dierick","Webb telescope itself is the subject, captured by ground-based observatory during deployment journey to L2.",https://www.flickr.com/photos/nasawebbtelescope/53215557826,2021-12-31 17:26:04,observatory / engineering
53215962609,hardware_engineering,"December 30/31, 2021, Webb On Its Way to L2 - by Dominque Dierick","Ground-based observation tracking Webb spacecraft during deployment journey to L2, not astronomical observation of a celestial object.",https://www.flickr.com/photos/nasawebbtelescope/53215962609,2022-01-01 03:10:52,observatory / engineering
53216028984,hardware_engineering,"January 1, 2023, Webb On Its Way to L2 - by Dominque Dierick","Image of the Webb telescope itself during its journey to L2, captured by ground-based observation, not an astronomical observation of a celestial object.",https://www.flickr.com/photos/nasawebbtelescope/53216028984,2023-09-26 14:28:54,observatory / engineering
53216105530,hardware_engineering,"December 31, 2021, Webb On Its Way to L2 - by Dominque Dierick","Image shows the Webb telescope itself in transit to L2, tracked as a bright moving point against starfield. Subject is the hardware, not astronomical observations.",https://www.flickr.com/photos/nasawebbtelescope/53216105530,2023-09-26 14:08:57,observatory / engineering
53218425902,hardware_engineering,"December 25, 2021, Webb On Its Way to L2 - by Bhumesh Bharti","Amateur photograph of Webb's Ariane 5 rocket in flight after launch, December 25, 2021, observed from Earth. The subject is the launch vehicle hardware, not astronomical observation of space objects.",https://www.flickr.com/photos/nasawebbtelescope/53218425902,2021-12-25 18:59:49,observatory / engineering
53219277726,hardware_engineering,"January 1, 2022, Webb One Its Way to L2 - by Filipe Dias","Image shows JWST spacecraft itself en route to L2, captured through ground-based telescope. Subject is hardware (spacecraft), not astronomical observation.",https://www.flickr.com/photos/nasawebbtelescope/53219277726,2023-09-28 07:54:28,observatory / engineering
53219311871,hardware_engineering,"January 3, 2022, Webb On Its Way to L2 - by Hap Griffin","Ground-based observation of Webb spacecraft in transit to L2, not astronomical data of a celestial object.",https://www.flickr.com/photos/nasawebbtelescope/53219311871,2023-09-28 08:17:28,observatory / engineering
53219660399,hardware_engineering,"January 1, 2022, Webb On Its Way to L2 - by Filipe Dias","Amateur telescope observation of Webb spacecraft en route to L2, showing deployed booms and solar shield. Not astronomical observation of space beyond Earth.",https://www.flickr.com/photos/nasawebbtelescope/53219660399,2023-09-28 07:54:27,observatory / engineering
53222256271,hardware_engineering,Webb Model by Mehar Tamanna Rinosh and Ashmi,Educational paper model of JWST built by students; not observational data. Hardware_engineering covers the telescope itself in this form.,https://www.flickr.com/photos/nasawebbtelescope/53222256271,2023-09-29 14:46:42,unclassified
53415141804,hardware_engineering,Last Observatory Lift (archival image),"Image shows Webb telescope hardware in cleanroom during pre-launch assembly, not observational data of space.",https://www.flickr.com/photos/nasawebbtelescope/53415141804,2021-11-11 20:03:17,observatory / engineering
55144876897,hardware_engineering,"Artifacts From NASA’s Webb, Parker Solar Probe on View at Smithsonian","JWST Pathfinder engineering test model on display at museum. Hardware, not observational data.",https://www.flickr.com/photos/nasawebbtelescope/55144876897,2026-03-12 10:13:16,observatory / engineering
55145936253,hardware_engineering,"Artifacts From NASA’s Webb, Parker Solar Probe on View at Smithsonian",JWST engineering test model (Pathfinder) on museum display. Hardware engineering—not observational data of space objects.,https://www.flickr.com/photos/nasawebbtelescope/55145936253,2026-03-12 10:31:18,observatory / engineering
55146154055,hardware_engineering,"Artifacts From NASA’s Webb, Parker Solar Probe on View at Smithsonian","Image shows Space Shuttle, Parker Solar Probe model, and JWST Pathfinder engineering model on display at Smithsonian museum hangar—hardware, not observational data.",https://www.flickr.com/photos/nasawebbtelescope/55146154055,2026-03-12 10:34:40,observatory / engineering
51786402582,people_event,James Webb Space Telescope Launch,"Image shows NASA and ESA officials celebrating JWST launch confirmation at Guiana Space Centre. Humans are the subject, not an astronomical observation.",https://www.flickr.com/photos/nasawebbtelescope/51786402582,2021-12-25 09:47:55,
51787220996,people_event,James Webb Space Telescope Launch,"Image shows a person (Eric Smith) at a mission event reacting to telescope launch confirmation. Humans are the subject, not astronomical data.",https://www.flickr.com/photos/nasawebbtelescope/51787220996,2021-12-25 09:49:12,
51787231231,people_event,James Webb Space Telescope Prelaunchl,"Image shows two people at a launch event with models and signage. Humans are the primary subjects, not astronomical observations.",https://www.flickr.com/photos/nasawebbtelescope/51787231231,2021-12-25 09:04:39,
51787231971,people_event,James Webb Space Telescope Prelaunch,"Image shows launch team members monitoring countdown at control center. People are the subject, not observational data.",https://www.flickr.com/photos/nasawebbtelescope/51787231971,2021-12-25 07:11:31,
51787234811,people_event,James Webb Space Telescope Prelaunchl,"Image shows humans (NASA Program Director and launch team) at a launch event monitoring JWST countdown. Subject is people and event, not observational data.",https://www.flickr.com/photos/nasawebbtelescope/51787234811,2021-12-25 08:53:40,
51787478933,people_event,James Webb Space Telescope Launch,"Image shows humans celebrating at mission control during JWST launch; people and event are primary subjects, not astronomical observation.",https://www.flickr.com/photos/nasawebbtelescope/51787478933,2021-12-25 09:50:23,
51787480108,people_event,James Webb Space Telescope Launch,"This photograph depicts people monitoring JWST launch from mission control room. The subject is the event and humans present, not an astronomical observation.",https://www.flickr.com/photos/nasawebbtelescope/51787480108,2021-12-25 09:24:29,
51787481638,people_event,James Webb Space Telescope Prelaunch,"Image shows launch team monitoring countdown at control center. People and hardware operations, not astronomical observation.",https://www.flickr.com/photos/nasawebbtelescope/51787481638,2021-12-25 07:09:01,
51787842789,people_event,James Webb Space Telescope Launch,"Image shows people celebrating at a mission control event, not observational data. Humans are the subject, captured during a launch celebration.",https://www.flickr.com/photos/nasawebbtelescope/51787842789,2021-12-25 09:50:21,
51787843299,people_event,James Webb Space Telescope Launch,"Image shows people watching JWST launch confirmation. Subject is the human event, not telescope data.",https://www.flickr.com/photos/nasawebbtelescope/51787843299,2021-12-25 09:49:04,
51788091775,people_event,James Webb Space Telescope Launch,"Image shows humans monitoring telescope launch at mission control center. People and event are the subjects, not astronomical observation.",https://www.flickr.com/photos/nasawebbtelescope/51788091775,2021-12-25 09:24:36,
51788101180,people_event,James Webb Space Telescope Launch,"Image shows people at a launch event, not observational data. Subject is the gathering of officials and spectators watching the Ariane 5 rocket launch.",https://www.flickr.com/photos/nasawebbtelescope/51788101180,2021-12-25 09:21:44,
51788106445,people_event,James Webb Space Telescope Prelaunchl,"Image shows humans at a launch event (countdown to JWST). People and their clothing are the subject, not observational data.",https://www.flickr.com/photos/nasawebbtelescope/51788106445,2021-12-25 08:11:19,
51808227174,people_event,James Webb Space Telescope Second Primary Mirror Deployment,"Image shows NASA engineers and staff celebrating at the Space Telescope Science Institute during JWST deployment. Humans are the subject, not observational data.",https://www.flickr.com/photos/nasawebbtelescope/51808227174,2022-01-08 10:28:16,
51808644430,people_event,James Webb Space Telescope Second Primary Mirror Deployment,"Shows humans and mission operations center during JWST deployment event. Subject is the people and engineering event, not astronomical observations.",https://www.flickr.com/photos/nasawebbtelescope/51808644430,2022-01-08 12:49:22,
51830337088,people_event,Webb Model - Diego Gallus,"A child displaying a handmade Webb telescope model. This is an outreach/educational activity, not space observation data.",https://www.flickr.com/photos/nasawebbtelescope/51830337088,2021-12-30 14:56:23,
51832260733,people_event,"#UnfoldtheUniverse art - by Donovan Johnson","Student art submission to #UnfoldTheUniverse campaign; human subject (student holding artwork) makes this people_event, not astronomical observation.",https://www.flickr.com/photos/nasawebbtelescope/51832260733,2022-01-20 11:58:33,
51832496224,people_event,"#UnfoldtheUniverse art - by Ayla Dils","Student holding artwork as part of #UnfoldTheUniverse community campaign. Subject is a person, not astronomical observation.",https://www.flickr.com/photos/nasawebbtelescope/51832496224,2022-01-20 11:58:31,
51832716139,people_event,"#UnfoldTheUniverse - by Anusha Ivaturi","Photo shows a person holding artwork at an outreach event for #JWSTArt community submissions. The image is about the person and the campaign, not astronomical observation.",https://www.flickr.com/photos/nasawebbtelescope/51832716139,2022-01-20 14:15:53,
51834569046,people_event,"#UnfoldTheUniverse art - by Sanyukta Nishikant Nibandhe","This is a portrait of a person holding artwork from NASA's #UnfoldTheUniverse community campaign. The subject is the person and event, not astronomical data.",https://www.flickr.com/photos/nasawebbtelescope/51834569046,2022-01-21 16:05:12,
51842916663,people_event,Webb Model - Vimarsh Nanavati,"Portrait of a person holding a paper model of the Webb telescope. Subject is the person, not an astronomical observation.",https://www.flickr.com/photos/nasawebbtelescope/51842916663,2022-01-25 14:41:38,unclassified
51846469373,people_event,Webb Model - Suzan Alrayes,"Image shows a person holding a handmade paper model of the Webb telescope. This is an outreach/educational event, not astronomical observation data.",https://www.flickr.com/photos/nasawebbtelescope/51846469373,2022-01-27 12:38:17,unclassified
51847098650,people_event,Webb Model - Redwan Alrayes,"Portrait of a person with a handmade Webb telescope model. Subject is human activity and outreach, not astronomical observation.",https://www.flickr.com/photos/nasawebbtelescope/51847098650,2022-01-27 12:38:15,unclassified
51884706432,people_event,James Webb Space Telescope Second Primary Mirror Deployment,Image shows humans celebrating mission milestone at control center. No astronomical observation; hardware/people event.,https://www.flickr.com/photos/nasawebbtelescope/51884706432,2022-01-08 13:17:39,observatory / engineering
51884715612,people_event,James Webb Space Telescope Briefing,"Image shows NASA scientist Jane Rigby at a briefing event, not astronomical observation or hardware. Primary subject is the person and the event.",https://www.flickr.com/photos/nasawebbtelescope/51884715612,2022-01-08 15:14:30,observatory / engineering
51885675036,people_event,James Webb Space Telescope Briefing,"NASA briefing event with staff and officials in mission control center; humans are the subject, not astronomical data.",https://www.flickr.com/photos/nasawebbtelescope/51885675036,2022-01-08 14:33:56,observatory / engineering
51885678591,people_event,James Webb Space Telescope Briefing,Media briefing with Northrop Grumman official at Webb Mission Operations Center; human subject in formal event setting.,https://www.flickr.com/photos/nasawebbtelescope/51885678591,2022-01-08 14:55:08,observatory / engineering
51885678961,people_event,James Webb Space Telescope Briefing,"Image shows a person speaking at a media briefing about JWST deployment. Humans are the subject, not astronomical observation or hardware.",https://www.flickr.com/photos/nasawebbtelescope/51885678961,2022-01-08 14:48:55,observatory / engineering
51885679486,people_event,James Webb Space Telescope Briefing,"Photo of NASA engineer at media briefing following telescope deployment; humans are primary subject, not astronomical observation.",https://www.flickr.com/photos/nasawebbtelescope/51885679486,2022-01-08 14:45:41,observatory / engineering
51885683996,people_event,James Webb Space Telescope Briefing,"Person speaking at media briefing about Webb telescope deployment. Humans are the subject; this is an event, not observational data.",https://www.flickr.com/photos/nasawebbtelescope/51885683996,2022-01-08 15:28:32,observatory / engineering
51885684461,people_event,James Webb Space Telescope Briefing,"Image shows a person (Jane Rigby) speaking at a media briefing about Webb. The subject is the human and the event, not astronomical data.",https://www.flickr.com/photos/nasawebbtelescope/51885684461,2022-01-08 15:17:10,observatory / engineering
51885754248,people_event,James Webb Space Telescope Second Primary Mirror Deployment,"Image shows NASA team celebrating a mission milestone at Space Telescope Science Institute. Subject is humans and event, not observational data.",https://www.flickr.com/photos/nasawebbtelescope/51885754248,2022-01-08 13:17:33,observatory / engineering
51885754693,people_event,James Webb Space Telescope Second Primary Mirror Deployment,"Photo shows NASA team members celebrating primary mirror deployment at mission control facility. Humans are the subject, not an astronomical observation.",https://www.flickr.com/photos/nasawebbtelescope/51885754693,2022-01-08 13:18:05,observatory / engineering
51885758158,people_event,James Webb Space Telescope Briefing,Image shows a person at a media briefing event about Webb's deployment. Humans are the subject; no astronomical observation.,https://www.flickr.com/photos/nasawebbtelescope/51885758158,2022-01-08 14:44:51,observatory / engineering
51885762498,people_event,James Webb Space Telescope Briefing,Media briefing at Space Telescope Science Institute with Heidi Hammel discussing Webb deployment. Humans are the primary subject.,https://www.flickr.com/photos/nasawebbtelescope/51885762498,2022-01-08 15:21:25,observatory / engineering
51886001809,people_event,James Webb Space Telescope Briefing,Image shows a person (Lee Feinberg) speaking at a media briefing about Webb's mirror deployment. Humans and event are the subject.,https://www.flickr.com/photos/nasawebbtelescope/51886001809,2022-01-08 15:10:29,observatory / engineering
51886008714,people_event,James Webb Space Telescope Briefing,"Image shows a person (John Durning) at a media briefing, not astronomical observation data.",https://www.flickr.com/photos/nasawebbtelescope/51886008714,2022-01-08 15:12:50,observatory / engineering
51886010554,people_event,James Webb Space Telescope Second Primary Mirror Deployment,"Image shows people (mission team members and NASA official) in control room celebrating mirror deployment milestone. This is a people/event, not observational data.",https://www.flickr.com/photos/nasawebbtelescope/51886010554,2022-01-08 13:23:12,observatory / engineering
51886013929,people_event,James Webb Space Telescope Alignment Image,"Photo shows NASA officials and staff viewing an alignment image at headquarters briefing. Subject is the people and event, not astronomical observation.",https://www.flickr.com/photos/nasawebbtelescope/51886013929,2022-02-07 15:09:08,observatory / engineering
51886328355,people_event,James Webb Space Telescope Briefing,"A human subject (Bill Ochs) at a media briefing event, not observational data or hardware imagery.",https://www.flickr.com/photos/nasawebbtelescope/51886328355,2022-01-08 14:56:19,observatory / engineering
51886340540,people_event,James Webb Space Telescope Alignment Image,"Image shows humans (NASA Administrator Bill Nelson and Lee Feinberg) at an event, viewing a technical document. This is a people_event, not observational data.",https://www.flickr.com/photos/nasawebbtelescope/51886340540,2022-02-07 15:09:08,observatory / engineering
51887730823,people_event,"Greg Robinson, NASA Program Director for the James Webb Space Telescope","Photo of Greg Robinson, NASA program director, giving interview during Webb launch countdown. Subject is a person at an event, not astronomical observation.",https://www.flickr.com/photos/nasawebbtelescope/51887730823,2022-02-17 14:12:01,observatory / engineering
51888402062,people_event,Webb Model - Arjun Sooraj,"Portrait of a young student with a JWST model, submitted to outreach program. Human is the subject, not a space observation.",https://www.flickr.com/photos/nasawebbtelescope/51888402062,2022-01-07 21:05:39,unclassified
51888445722,people_event,Webb Model - by Prince,"Photo of children with a handmade Webb telescope model. Subject is people and outreach activity, not astronomical observation.",https://www.flickr.com/photos/nasawebbtelescope/51888445722,2022-02-18 13:16:01,unclassified
51888455977,people_event,Webb Model - by Yazan Harara,"Child holding Webb paper model at outreach/educational event. Subject is the person and hardware model, not astronomical observation.",https://www.flickr.com/photos/nasawebbtelescope/51888455977,2022-01-09 18:45:47,unclassified
51888625910,people_event,Webb Model - Darshan Panchal,"Portrait of person holding a paper model of Webb telescope. Subject is the person and their outreach model, not astronomical observation.",https://www.flickr.com/photos/nasawebbtelescope/51888625910,2022-01-06 11:21:03,unclassified
51889508353,people_event,Webb Model - by Yosuf Harara,"Portrait of a child holding a paper model of Webb telescope. Educational outreach content, not astronomical observation.",https://www.flickr.com/photos/nasawebbtelescope/51889508353,2022-02-18 13:22:11,unclassified
51890035720,people_event,Webb Model - by Lawrence D'souza,"Portrait of a person holding a Webb telescope model/craft project, not observational data.",https://www.flickr.com/photos/nasawebbtelescope/51890035720,2022-02-18 12:59:46,unclassified
51890073715,people_event,Webb Model - by AbdALRahman Harara.,"Photo of a child holding a Webb paper model at an educational outreach event. Subject is the person, not astronomy.",https://www.flickr.com/photos/nasawebbtelescope/51890073715,2022-02-18 13:22:10,unclassified
51890092495,people_event,"#UnfoldTheUniverse - Gabriele Loggia","Photo of person with artwork, part of #UnfoldTheUniverse outreach campaign. Subject is the event/person, not astronomical observation.",https://www.flickr.com/photos/nasawebbtelescope/51890092495,2021-11-01 20:38:41,unclassified
51916785362,people_event,Webb Model - by Devanshi Singh,"Image shows a child holding a paper model of Webb telescope. Subject is the person and craft activity, not astronomical observation.",https://www.flickr.com/photos/nasawebbtelescope/51916785362,2022-01-13 13:25:18,unclassified
51917649051,people_event,Webb model - by Yuran Zhou,"Photo of a person (child) holding a paper model of the Webb telescope. Subject is humans engaging in educational/outreach activity, not astronomical observation.",https://www.flickr.com/photos/nasawebbtelescope/51917649051,2022-01-16 19:47:51,unclassified
51917689676,people_event,Webb Model - by Mohammed Abo Meddin,"Portrait of a person holding a paper model of the Webb telescope. Subject is the person and outreach activity, not astronomical observation.",https://www.flickr.com/photos/nasawebbtelescope/51917689676,2022-03-04 11:11:32,unclassified
51917892623,people_event,Webb Model - by Class 7.A,"Photo of a school class posing with their handmade Webb telescope model. This is a people_event (educational outreach activity), not an observation.",https://www.flickr.com/photos/nasawebbtelescope/51917892623,2022-01-13 10:17:55,unclassified
51944636749,people_event,Webb Model - by Marc,"A child holding a handmade Webb telescope model. This is an outreach/educational activity featuring a person, not observational astronomy data.",https://www.flickr.com/photos/nasawebbtelescope/51944636749,2022-02-14 20:16:07,unclassified
51944901340,people_event,Webb Model - by Bhavya Rajesh,"Child displaying a handmade paper model of the Webb telescope. This is an outreach/educational activity, not astronomical data.",https://www.flickr.com/photos/nasawebbtelescope/51944901340,2022-02-03 18:14:48,unclassified
51957070778,people_event,Webb Model - by Meera Veeriah,"Portrait of a child holding a paper model of the Webb telescope. Educational outreach activity, not observational data.",https://www.flickr.com/photos/nasawebbtelescope/51957070778,2022-03-03 08:12:19,unclassified
51957096880,people_event,"#UnfoldTheUniverse art - by Bahar Arabi","Child displaying artwork for #UnfoldTheUniverse art campaign. Subject is the person/outreach event, not astronomical observation.",https://www.flickr.com/photos/nasawebbtelescope/51957096880,2021-12-16 09:57:41,unclassified
51957596665,people_event,Webb Model - by Nishant Veeriah,"Portrait of a person holding a handmade Webb telescope model. This is an educational outreach event showing a student with a craft project, not an astronomical observation.",https://www.flickr.com/photos/nasawebbtelescope/51957596665,2022-03-03 08:15:29,unclassified
51971933738,people_event,Webb Model by Halil İbrahim OKUDUCU,"Photo shows two people holding a paper model of the Webb telescope. Subject is humans engaged in an educational activity, not astronomical observation.",https://www.flickr.com/photos/nasawebbtelescope/51971933738,2022-03-30 16:19:06,unclassified
51972165189,people_event,Webb Model - by Ishan Dibeesh,"Portrait of a student holding a Webb paper model. Educational outreach content, not observational data.",https://www.flickr.com/photos/nasawebbtelescope/51972165189,2022-03-03 15:47:26,unclassified
51972829432,people_event,Webb Model by Priyanka Chauhan,"Portrait of a person holding a handmade Webb telescope model. Humans are the primary subject; this is an outreach/educational activity, not observational data.",https://www.flickr.com/photos/nasawebbtelescope/51972829432,2022-01-13 13:24:03,unclassified
51973819996,people_event,Webb Model by Alex Benes Jr.,"A person posing with a handmade Webb model. Subject is human activity/outreach, not space observation.",https://www.flickr.com/photos/nasawebbtelescope/51973819996,2022-03-03 20:13:33,unclassified
51974394495,people_event,Webb Model by Romi Verma,"Image shows a person holding a handmade Webb telescope model. This is an outreach/educational event, not observational data.",https://www.flickr.com/photos/nasawebbtelescope/51974394495,2022-03-31 15:22:12,unclassified
51974394525,people_event,Webb Model by Aradhye Aggarwal,"Portrait of child holding a paper Webb telescope model. Educational outreach activity, not observational data.",https://www.flickr.com/photos/nasawebbtelescope/51974394525,2022-01-13 13:25:34,unclassified
51974412945,people_event,"#UnfoldtheUniverse art and #JWSTart - by S . Shanmathi","Image shows a person holding community art submission inspired by JWST. Subject is the artist/person, not an observation.",https://www.flickr.com/photos/nasawebbtelescope/51974412945,2022-02-14 21:19:26,star
52114433577,people_event,A Visit to the Space Telescope Science Institute,"Photo of two people shaking hands in front of the Space Telescope Science Institute building. This is a people_event—a visit/tour by NASA officials, not observational data.",https://www.flickr.com/photos/nasawebbtelescope/52114433577,2022-05-04 13:47:06,observatory / engineering
52114444287,people_event,A Visit to the Space Telescope Science Institute,"Image shows a person at a briefing event; humans are the subject, not astronomical observations.",https://www.flickr.com/photos/nasawebbtelescope/52114444287,2022-05-04 12:47:05,observatory / engineering
52115467966,people_event,A Visit to the Space Telescope Science Institute,"Image shows two people in a briefing at STScI; humans are the primary subject, not observational data.",https://www.flickr.com/photos/nasawebbtelescope/52115467966,2022-05-04 12:58:45,observatory / engineering
52115468291,people_event,A Visit to the Space Telescope Science Institute,Image depicts humans in a briefing at STScI Mission Operation Center. Humans are the subject; no astronomical observation data shown.,https://www.flickr.com/photos/nasawebbtelescope/52115468291,2022-05-04 12:54:01,observatory / engineering
52115501968,people_event,A Visit to the Space Telescope Science Institute,"Group portrait of NASA officials and STScI staff at Mission Operations Center; people are the subject, not astronomical observation.",https://www.flickr.com/photos/nasawebbtelescope/52115501968,2022-05-04 13:35:32,observatory / engineering
52115700829,people_event,A Visit to the Space Telescope Science Institute,"Image shows people at an event (a tour/visit). Humans are the subject, not astronomical observations or hardware. This is a people_event.",https://www.flickr.com/photos/nasawebbtelescope/52115700829,2022-05-04 13:36:13,observatory / engineering
52115712589,people_event,A Visit to the Space Telescope Science Institute,"Image shows a person (Bob Cabana) during a briefing at a science institute. The subject is a human event, not an astronomical observation.",https://www.flickr.com/photos/nasawebbtelescope/52115712589,2022-05-04 13:10:56,observatory / engineering
52115972465,people_event,A Visit to the Space Telescope Science Institute,Image shows people (NASA administrators and JWST team members) at STScI facility tour. No astronomical observation present.,https://www.flickr.com/photos/nasawebbtelescope/52115972465,2022-05-04 13:35:58,observatory / engineering
52115975530,people_event,A Visit to the Space Telescope Science Institute,"Image shows humans at a briefing event. The subject is the person and event, not astronomical observation.",https://www.flickr.com/photos/nasawebbtelescope/52115975530,2022-05-04 13:12:17,observatory / engineering
52115975835,people_event,A Visit to the Space Telescope Science Institute,"Image shows people at the Space Telescope Science Institute Mission Operations Center — a tour/briefing event, not astronomical observation or hardware engineering documentation.",https://www.flickr.com/photos/nasawebbtelescope/52115975835,2022-05-04 13:32:55,observatory / engineering
52115976070,people_event,A Visit to the Space Telescope Science Institute,"Image shows NASA officials and staff in conversation at STScI, a briefing or official visit event.",https://www.flickr.com/photos/nasawebbtelescope/52115976070,2022-05-04 13:36:56,observatory / engineering
52115976405,people_event,A Visit to the Space Telescope Science Institute,Portrait of two individuals at a NASA facility. Humans are the subject; no astronomical observation or hardware component depicted.,https://www.flickr.com/photos/nasawebbtelescope/52115976405,2022-05-04 13:30:08,observatory / engineering
52115976990,people_event,A Visit to the Space Telescope Science Institute,"Image shows people touring a control room facility. Humans are the subject, not astronomical observations or hardware engineering.",https://www.flickr.com/photos/nasawebbtelescope/52115976990,2022-05-04 13:16:08,observatory / engineering
52204920820,people_event,Webb Model by Ayushi Patel,"A person displaying a handmade paper model of the Webb telescope. The subject is the human creator and their educational craft, not astronomical observation.",https://www.flickr.com/photos/nasawebbtelescope/52204920820,2022-07-09 11:17:14,unclassified
52260577133,people_event,"#JWSTArt and #UnfoldTheUniverse Art  -  by Stefan Vogels Stefan Vogels (Studio DIES)","Portrait of artist holding artwork. #JWSTArt community submission. Human subject is primary focus.",https://www.flickr.com/photos/nasawebbtelescope/52260577133,2022-07-11 19:21:03,star
52260687953,people_event,Webb Model - by Ahmed Soltan,"Photo of a child posing with a handmade cardboard Webb model. Human subject, outreach activity, not observational data.",https://www.flickr.com/photos/nasawebbtelescope/52260687953,2022-08-03 11:01:07,unclassified
52264515322,people_event,Webb's First Images Displayed in Times Square,"Times Square display of Webb images is an outreach/public celebration event, not observational data itself.",https://www.flickr.com/photos/nasawebbtelescope/52264515322,2022-07-12 17:35:45,observatory / engineering
52264522697,people_event,Webb's First Images Displayed in Times Square,"Street photograph of Times Square display during Webb first images celebration. Subject is public outreach event, not astronomical observation.",https://www.flickr.com/photos/nasawebbtelescope/52264522697,2022-07-12 17:36:10,observatory / engineering
52271541772,people_event,Webb First Images Broadcast,"Event photograph showing people (journalists and Dr. Mather) at a briefing; humans are the subject, not an astronomical observation.",https://www.flickr.com/photos/nasawebbtelescope/52271541772,2022-07-12 11:35:15,unclassified
52271552052,people_event,Webb First Images Broadcast,"Image shows people gathered at a NASA outreach event watching a broadcast. Humans are the subject, not astronomical observations.",https://www.flickr.com/photos/nasawebbtelescope/52271552052,2022-07-12 09:49:15,unclassified
52271633812,people_event,Webb First Images Broadcast,"Image shows attendees at NASA Goddard event watching Webb first images on screen. The subject is the people and event, not astronomical observation.",https://www.flickr.com/photos/nasawebbtelescope/52271633812,2022-07-12 11:02:55,unclassified
52271648762,people_event,Webb First Images Broadcast,"Photo of pep squad at Webb first images broadcast event, July 12, 2022. Humans are the subject; this is an outreach/event photograph.",https://www.flickr.com/photos/nasawebbtelescope/52271648762,2022-07-12 09:40:44,unclassified
52271657817,people_event,Webb First Images Briefing,Media briefing event with Webb scientists and officials. Humans and auditorium setting; no observational data present.,https://www.flickr.com/photos/nasawebbtelescope/52271657817,2022-07-12 12:40:58,unclassified
52271742517,people_event,President Biden Previews Images from Webb Space Telescope,"White House briefing event with President Biden and others previewing Webb images. Humans are the subject, not the astronomical data.",https://www.flickr.com/photos/nasawebbtelescope/52271742517,2022-07-11 18:41:38,observatory / engineering
52271748332,people_event,President Biden Previews Image from Webb Space Telescope,"Image shows President Biden at a White House event previewing Webb imagery. Human subject, not observational data of space.",https://www.flickr.com/photos/nasawebbtelescope/52271748332,2022-07-11 18:16:40,unclassified
52271749722,people_event,President Biden Previews Image from Webb Space Telescope,"White House event showing President Biden, Vice President Harris, and NASA officials at a briefing. Humans and event setting are the primary subject.",https://www.flickr.com/photos/nasawebbtelescope/52271749722,2022-07-11 18:19:45,observatory / engineering
52272533538,people_event,Webb First Images Broadcast,"Public event photograph showing Dr. John Mather at the Webb First Images broadcast announcement. Humans and journalism activity are the subject, not astronomical observation.",https://www.flickr.com/photos/nasawebbtelescope/52272533538,2022-07-12 11:32:33,unclassified
52272537933,people_event,Webb First Images Broadcast,"Photograph of a NASA broadcast event with Administrator Bill Nelson addressing an audience. The subject is humans at a briefing/event, not observational astronomy data.",https://www.flickr.com/photos/nasawebbtelescope/52272537933,2022-07-12 10:03:25,unclassified
52272606076,people_event,Webb First Images Broadcast,Event photo showing a person presenting at a public unveiling; the screen display shows observational data but the primary subject is the people and event itself.,https://www.flickr.com/photos/nasawebbtelescope/52272606076,2022-07-12 10:41:43,unclassified
52272608191,people_event,Webb First Images Broadcast,Human subject at public event (first images broadcast). Not observational data.,https://www.flickr.com/photos/nasawebbtelescope/52272608191,2022-07-12 10:16:53,unclassified
52272625446,people_event,Webb First Images Briefing,"Media briefing event at NASA Goddard on July 12, 2022, following Webb first images unveiling. Panel of scientists and administrators presenting to audience.",https://www.flickr.com/photos/nasawebbtelescope/52272625446,2022-07-12 12:50:55,unclassified
52272627138,people_event,Webb First Images Broadcast,"Image shows humans at a Webb first images unveiling event at NASA Goddard. Caption explicitly identifies it as a broadcast event, not observational data.",https://www.flickr.com/photos/nasawebbtelescope/52272627138,2022-07-12 10:18:07,unclassified
52272639298,people_event,Webb First Images Broadcast,"People and pep squad at Webb first images unveiling event; humans are the subject, not astronomical observation.",https://www.flickr.com/photos/nasawebbtelescope/52272639298,2022-07-12 09:39:46,unclassified
52272645313,people_event,Webb First Images Briefing,Media briefing panel event at NASA Goddard following Webb first images announcement. Humans are the subject.,https://www.flickr.com/photos/nasawebbtelescope/52272645313,2022-07-12 12:57:49,unclassified
52272713426,people_event,President Biden Previews Image from Webb Space Telescope,"Photo of President Biden, Vice President Harris, and NASA officials at White House event briefing on Webb telescope results. Humans are the subject, not astronomical data.",https://www.flickr.com/photos/nasawebbtelescope/52272713426,2022-07-11 18:23:51,observatory / engineering
52272726213,people_event,President Biden Previews Image from Webb Space Telescope,"Image shows humans at a briefing event—President Biden, VP Harris, NASA Administrator Nelson, and scientist Jane Rigby—not observational astronomy data.",https://www.flickr.com/photos/nasawebbtelescope/52272726213,2022-07-11 18:49:44,observatory / engineering
52272728303,people_event,President Biden Previews Images from Webb Space Telescope,"People (President Biden, NASA administrator) at a briefing event; not observational data. The banner background is illustrative, not scientific.",https://www.flickr.com/photos/nasawebbtelescope/52272728303,2022-07-11 18:46:21,unclassified
52272731483,people_event,President Biden Previews Images from Webb Space Telescope,"White House event showing President Biden with NASA officials briefing on Webb observations. People are the subject, not astronomical data.",https://www.flickr.com/photos/nasawebbtelescope/52272731483,2022-07-11 18:38:57,unclassified
52272768454,people_event,Webb First Images Broadcast,NASA press event with Dr. John Mather and journalists at Webb First Images broadcast. No observational data shown.,https://www.flickr.com/photos/nasawebbtelescope/52272768454,2022-07-12 11:37:35,unclassified
52272775759,people_event,Webb First Images Broadcast,"Portrait of Webb's Senior Project Scientist at a broadcast event. Humans are the primary subject, not astronomical observations.",https://www.flickr.com/photos/nasawebbtelescope/52272775759,2022-07-12 11:31:58,unclassified
52272777339,people_event,Webb First Images Broadcast,"Broadcast event with two NASA scientists presenting on set. Humans are the primary subject, not observational data of space.",https://www.flickr.com/photos/nasawebbtelescope/52272777339,2022-07-12 11:18:37,unclassified
52272780249,people_event,Webb First Images Broadcast,"An indoor broadcast event showing people and a NASA presentation, not astronomical observation data.",https://www.flickr.com/photos/nasawebbtelescope/52272780249,2022-07-12 10:02:08,unclassified
52272781344,people_event,Webb First Images Broadcast,Image shows humans at a public event—NASA Administrator addressing audience at Webb First Images broadcast in auditorium.,https://www.flickr.com/photos/nasawebbtelescope/52272781344,2022-07-12 09:59:23,unclassified
52272877939,people_event,Webb First Images Broadcast,"Photo of an event broadcast/presentation at NASA Goddard. Shows a screen displaying Webb telescope hardware, with a physical model visible in foreground. This is documentation of a people_event, not observational data.",https://www.flickr.com/photos/nasawebbtelescope/52272877939,2022-07-12 09:47:27,unclassified
52272970074,people_event,President Biden Previews Image from Webb Space Telescope,"Image shows White House event with government officials and NASA staff. Despite Webb telescope references, the subject is the people and ceremony, not astronomical observation.",https://www.flickr.com/photos/nasawebbtelescope/52272970074,2022-07-11 18:25:17,observatory / engineering
52272976704,people_event,President Biden Previews Images from Webb Space Telescope,"Image shows White House officials and NASA staff at a briefing event. Humans are the subject, not astronomical observation.",https://www.flickr.com/photos/nasawebbtelescope/52272976704,2022-07-11 18:27:23,observatory / engineering
52273107370,people_event,Webb First Images Broadcast,"Image shows person at public event unveiling Webb first images. Subject is human event, not astronomical data or hardware.",https://www.flickr.com/photos/nasawebbtelescope/52273107370,2022-07-12 09:48:21,unclassified
52273198260,people_event,President Biden Previews Images from Webb Space Telescope,"The image shows a person (Jane Rigby) speaking at the White House during a briefing event. This is a people_event, not astronomical data.",https://www.flickr.com/photos/nasawebbtelescope/52273198260,2022-07-11 18:25:33,unclassified
52273208180,people_event,President Biden Previews Image from Webb Space Telescope,"Composite shows a Webb deep-field observation alongside a public event with President Biden, NASA Administrator, and Vice President at the White House. The primary subject is the people_event, not the astronomical data.",https://www.flickr.com/photos/nasawebbtelescope/52273208180,2022-07-11 18:20:19,observatory / engineering
52273210920,people_event,President Biden Previews Image from Webb Space Telescope,"Image shows President Biden at a White House briefing/event with NASA officials. Humans are the primary subject, not observational astronomical data.",https://www.flickr.com/photos/nasawebbtelescope/52273210920,2022-07-11 18:19:45,unclassified
52274188098,people_event,Webb's First Images Displayed on Piccadilly Lights,"Photo shows Webb imagery displayed on public billboard in London; subject is the outreach event, not the observation itself.",https://www.flickr.com/photos/nasawebbtelescope/52274188098,2022-08-09 09:54:17,unclassified
52274438114,people_event,Webb's First Images Displayed on Piccadilly Lights,"Image shows Webb observations displayed on public screen at Piccadilly Circus, with crowds of people. Primary subject is the event and public display, not the astronomical observation itself.",https://www.flickr.com/photos/nasawebbtelescope/52274438114,2022-08-09 09:58:57,unclassified
52274666365,people_event,Webb's First Images Displayed on Piccadilly Lights,"The primary subject is a public display event in Piccadilly Circus showing Webb images on a digital screen, with crowds visible. The human activity and venue, not the astronomy, define the image.",https://www.flickr.com/photos/nasawebbtelescope/52274666365,2022-08-09 09:58:37,unclassified
52280019412,people_event,NASA Social - Touring NASA Goddard,Image shows people at a NASA facility event/outreach activity. Not observational astronomical data.,https://www.flickr.com/photos/nasawebbtelescope/52280019412,2022-07-13 10:14:06,unclassified
52281001023,people_event,"NASA Social - Broadcast ""pep team""","This is a people_event: NASA Social broadcast event at Goddard with the Webb ""pep team"" and audience during First Image Release preparations.",https://www.flickr.com/photos/nasawebbtelescope/52281001023,2022-07-12 09:38:25,unclassified
52281010533,people_event,NASA Social - Hyperwall and Meeting Project Experts,NASA Social outreach event showing public interacting with Webb project scientists in a briefing room setting.,https://www.flickr.com/photos/nasawebbtelescope/52281010533,2022-07-13 09:15:06,unclassified
52281015628,people_event,NASA Social - Meeting the Image Processors,"Image shows NASA Social event with Webb team members at Space Telescope Science Institute. Humans and event activities are the subject, not astronomical observation.",https://www.flickr.com/photos/nasawebbtelescope/52281015628,2022-07-13 15:12:55,unclassified
52281230804,people_event,First Images NASA Social - Day One Group Photo,"Group photo of people at NASA event. Display behind shows Webb observation, but image subject is humans at social event, not the astronomical data.",https://www.flickr.com/photos/nasawebbtelescope/52281230804,2022-07-12 08:45:07,unclassified
52281243999,people_event,First Images NASA Social - Broadcast Set,Behind-the-scenes photo of NASA Social group members at a broadcast set during a campus tour. Humans and event infrastructure are the subject.,https://www.flickr.com/photos/nasawebbtelescope/52281243999,2022-08-12 11:55:03,unclassified
52390436951,people_event,"#UnfoldTheUniverse art - by Ananya Verma","Child holding artwork for #UnfoldTheUniverse campaign. This is an outreach event/contribution, not observational data.",https://www.flickr.com/photos/nasawebbtelescope/52390436951,2022-09-28 09:44:12,unclassified
52468517629,people_event,James Webb Space Telescope Pumpkin Carving - by Mokslo Sriuba,"Image shows a person holding a carved pumpkin at an outreach/community engagement event. This is a people_event promotional activity, not astronomical observation.",https://www.flickr.com/photos/nasawebbtelescope/52468517629,2022-10-28 22:32:20,observatory / engineering
52506602894,people_event,"#UnfoldTheUniverse","Photo of people with a handmade craft inspired by JWST. This is an outreach/community art event, not observational data.",https://www.flickr.com/photos/nasawebbtelescope/52506602894,2022-07-29 17:39:09,unclassified
52720929097,people_event,Webb Model by Yashvardhan Gaurav,"Photo of a child displaying a handmade Webb telescope model, an outreach/educational submission. Subject is the person and activity, not an astronomical observation.",https://www.flickr.com/photos/nasawebbtelescope/52720929097,2022-10-16 11:49:08,unclassified
52721795289,people_event,Webb Model by Xavier Daigle,"Image shows a child with a handmade Webb telescope model. This is an outreach/educational event, not astronomical observation data.",https://www.flickr.com/photos/nasawebbtelescope/52721795289,2023-01-08 11:04:22,unclassified
52721933855,people_event,Webb Model by Pronamee Chowdhury Joyita,Portrait of person holding a Webb telescope paper model. Humans are the subject; not observational data.,https://www.flickr.com/photos/nasawebbtelescope/52721933855,2023-03-02 11:15:28,unclassified
52721952135,people_event,Webb Model by Saidabad Maharaja Srish Chandra Balika Vidyalaya students,School science exhibition featuring student-built Webb telescope model; no actual observational data. Students and educational outreach event.,https://www.flickr.com/photos/nasawebbtelescope/52721952135,2023-01-25 17:36:24,unclassified
52722328139,people_event,Webb Model by Charles Dempsey,"A child presenting a handmade Webb telescope model at school. Subject is the person and educational event, not observational data.",https://www.flickr.com/photos/nasawebbtelescope/52722328139,2023-03-02 16:41:07,unclassified
52974625411,people_event,Webb Model by Aadhavan Kannadassan,"Student-built Webb model at school science exhibition. Human subject with educational outreach activity, not observational data.",https://www.flickr.com/photos/nasawebbtelescope/52974625411,2022-10-15 10:58:06,unclassified
53043830314,people_event,Webb Model by Chandigarh University students,"Image shows people with a student-made Webb model at an educational/outreach event. Humans are the subject, not astronomical observations.",https://www.flickr.com/photos/nasawebbtelescope/53043830314,2023-07-13 15:27:21,unclassified
53059108167,people_event,Webb Model by Atharv Arora,"A child holding a paper model of Webb's primary mirror. The focus is the person and their outreach participation, not astronomical data.",https://www.flickr.com/photos/nasawebbtelescope/53059108167,2022-10-05 21:49:37,unclassified
53059257692,people_event,Webb Model by Keara Emmanuel Aradan,"Child posing with a handmade paper model of the Webb telescope. Humans are the subject; this is an outreach/educational activity, not observational data.",https://www.flickr.com/photos/nasawebbtelescope/53059257692,2023-07-20 16:20:25,unclassified
53059822341,people_event,"Webb Model by Yvhan Teoh, Amber Kao, Audrey Kuo, Jennifer Sun","Image shows students posing with a physical model of the Webb telescope. Subject is the people and educational outreach activity, not an astronomical observation.",https://www.flickr.com/photos/nasawebbtelescope/53059822341,2023-07-20 16:10:51,unclassified
53060055655,people_event,Webb Model by Helene Mehner,"Photo shows a student with a scale model of Webb; the subject is the person and her educational project, not astronomical observation.",https://www.flickr.com/photos/nasawebbtelescope/53060055655,2023-02-20 17:57:31,unclassified
53060159440,people_event,"Webb Model by Lyra, Adam, and Noah","Image shows three students with a Webb telescope model at a school science club outreach event, not astronomical observation data.",https://www.flickr.com/photos/nasawebbtelescope/53060159440,2022-10-26 13:43:57,unclassified
53062279418,people_event,Webb Model by Lucas Granados Gonzalez,"Portrait of a person holding a paper model of Webb telescope for school science fair project. Humans are the subject, making this people_event.",https://www.flickr.com/photos/nasawebbtelescope/53062279418,2023-06-28 17:48:14,unclassified
53362406946,people_event,Webb Model by Beril Ece Yıldırım,"Photo of a person (child) holding a paper model of Webb telescope. This is an outreach/educational event, not an observation or hardware documentation.",https://www.flickr.com/photos/nasawebbtelescope/53362406946,2023-11-23 23:28:06,unclassified
53879651047,people_event,Webb Model by Josef Maroušek,"Photo of student holding a paper model of the James Webb Space Telescope. Subject is the person and educational model, not space observation.",https://www.flickr.com/photos/nasawebbtelescope/53879651047,2024-07-25 11:55:31,unclassified
53880745638,people_event,Webb Model by Shanzay Umair Khan,"Student science exhibition: child presenting Webb telescope model as school project, not observational data.",https://www.flickr.com/photos/nasawebbtelescope/53880745638,2024-05-11 16:28:33,unclassified
53880904940,people_event,"Webb Model by Aivin Siby Nilakkapallil , Ronell Biju Chacko, Aaron Francis Thomas and Abel Jacob","Photo depicts three people with a handmade Webb telescope model. Subject is the people and outreach activity, not astronomical observation.",https://www.flickr.com/photos/nasawebbtelescope/53880904940,2024-07-25 11:23:31,unclassified
55164516701,people_event,Webb Model by S.Harsikha,"School science expo photo showing student with handmade Webb model. Humans are the primary subject; this is outreach/educational event activity, not observational data.",https://www.flickr.com/photos/nasawebbtelescope/55164516701,2026-03-23 15:33:20,unclassified
55164525971,people_event,Webb Model by Aarav Jain,"A child posing with a Webb telescope model—hardware representation, not observational data. Subject is a person and outreach activity.",https://www.flickr.com/photos/nasawebbtelescope/55164525971,2026-03-23 15:39:01,unclassified
51811947232,promotional_other,Webb Model - Jihong Suk,"A handmade model/craft of the Webb telescope held by a student. Not observational data, hardware documentation, or astronomical subject matter.",https://www.flickr.com/photos/nasawebbtelescope/51811947232,2021-12-25 19:51:04,
51812751218,promotional_other,Webb Model - Isaac Hendrickson and JJ Graves,"Gingerbread model of Webb telescope, not observational data or hardware engineering. Promotional/craft content.",https://www.flickr.com/photos/nasawebbtelescope/51812751218,2022-01-10 12:36:05,
51812751298,promotional_other,Webb Model - Isaac Hendrickson and JJ Graves,"Creative gingerbread model of Webb telescope by members of the public, not observational data or hardware documentation.",https://www.flickr.com/photos/nasawebbtelescope/51812751298,2022-01-10 12:36:08,
51812941968,promotional_other,Webb Model - Lewis Smith,"A handmade scale model of the Webb telescope used as a Christmas tree topper. This is hardware representation/crafts content, not observational data or telescope hardware documentation.",https://www.flickr.com/photos/nasawebbtelescope/51812941968,2022-01-10 14:18:59,
51812987486,promotional_other,Webb Model - Claire Lamman,"Gingerbread model of Webb telescope made by community member. Not an observation, hardware, or scientific content.",https://www.flickr.com/photos/nasawebbtelescope/51812987486,2022-01-10 15:38:19,
51813182764,promotional_other,Webb Model - Lewis Smith,Handmade scale model of JWST used as Christmas tree topper. Not observational data or hardware engineering—it's a promotional/educational craft item.,https://www.flickr.com/photos/nasawebbtelescope/51813182764,2021-12-25 02:05:59,
51813373475,promotional_other,Webb Model - Isaac Hendrickson and JJ Graves,"Gingerbread craft model of Webb telescope with NASA logo. Creative outreach content, not observational data or hardware engineering.",https://www.flickr.com/photos/nasawebbtelescope/51813373475,2022-01-10 12:36:02,
51813373745,promotional_other,Webb Model - Isaac Hendrickson and JJ Graves,"Gingerbread model of the Webb telescope. Subject is the crafted model itself, not observational data or hardware engineering documentation.",https://www.flickr.com/photos/nasawebbtelescope/51813373745,2022-01-10 12:36:14,
51830978310,promotional_other,Webb Model - John Cooper,"A handmade paper/craft model of the Webb telescope decorated on a Christmas tree. Educational outreach content, not observational data or hardware documentation.",https://www.flickr.com/photos/nasawebbtelescope/51830978310,2021-12-29 16:00:41,
51841769497,promotional_other,Webb Model - Micah Boussi,"Photo of a hand-made paper/craft model of the Webb telescope, not observational data. Educational outreach artifact.",https://www.flickr.com/photos/nasawebbtelescope/51841769497,2022-01-04 12:43:37,
51844503041,promotional_other,Coloring Page - by Kennedy Stone,"A hand-colored drawing of the James Webb Space Telescope for outreach/engagement purposes, not observational data.",https://www.flickr.com/photos/nasawebbtelescope/51844503041,2022-01-06 10:47:34,observatory / engineering
51844514411,promotional_other,Webb Model - Darshan Panchal,"Physical model/craft of Webb telescope, not observational data. Educational outreach content.",https://www.flickr.com/photos/nasawebbtelescope/51844514411,2022-01-06 12:03:57,unclassified
51844615253,promotional_other,Coloring Page - by Tyler Stone,"Hand-drawn coloring page of Webb's segmented mirror and sunshield. Educational/promotional material, not observational data.",https://www.flickr.com/photos/nasawebbtelescope/51844615253,2022-01-06 10:49:10,observatory / engineering
51844631163,promotional_other,Webb Model - Fabiana Mejia,"Portrait of person holding a handmade craft model of the Webb telescope. Hardware model, not observational data.",https://www.flickr.com/photos/nasawebbtelescope/51844631163,2022-01-26 13:11:49,unclassified
51845244510,promotional_other,Coloring Page - by Mallory Stone,Hand-drawn coloring page for educational/promotional outreach. No observational data or real scientific content.,https://www.flickr.com/photos/nasawebbtelescope/51845244510,2022-01-06 10:47:55,observatory / engineering
51874916847,promotional_other,Webb Model - Eva Doulgeri,"Paper craft models of Webb made by public for educational outreach, not observational data or hardware engineering documentation.",https://www.flickr.com/photos/nasawebbtelescope/51874916847,2021-12-28 08:03:24,unclassified
51876204819,promotional_other,Webb Model - Juvilno Alamis Jr,"A handmade paper model of the James Webb Space Telescope, not observational data or hardware engineering documentation.",https://www.flickr.com/photos/nasawebbtelescope/51876204819,2022-02-11 16:00:44,unclassified
51885753266,promotional_other,Facilities,"Navigation graphic with ""Facilities & Equipment"" text and arrow. No observational data; promotional organizational content.",https://www.flickr.com/photos/nasawebbtelescope/51885753266,2022-02-16 14:29:31,unclassified
51885759016,promotional_other,Outreach Events,Guide graphic with text and arrow for album navigation; no observational data or astronomical content.,https://www.flickr.com/photos/nasawebbtelescope/51885759016,2022-02-16 14:32:55,unclassified
51885841758,promotional_other,Miscellaneous,Guide graphic for album navigation UI; no observational or scientific content.,https://www.flickr.com/photos/nasawebbtelescope/51885841758,2022-02-16 14:35:14,unclassified
51886049609,promotional_other,Outreach Highlights,Guide graphic with text and arrow; no observational data or hardware content.,https://www.flickr.com/photos/nasawebbtelescope/51886049609,2022-02-16 14:10:48,unclassified
51886053159,promotional_other,Webb from start to launch to deployments,Guide graphic with text and arrow; no observational data. Promotional material for album navigation.,https://www.flickr.com/photos/nasawebbtelescope/51886053159,2022-02-16 14:13:21,unclassified
51886062354,promotional_other,Observatory Components,Guide graphic for album navigation. No observational data; promotional interface element.,https://www.flickr.com/photos/nasawebbtelescope/51886062354,2022-02-16 14:19:51,unclassified
51886374690,promotional_other,Most Recent Images,"Guide graphic for Flickr album navigation. No observational data, no scientific content.",https://www.flickr.com/photos/nasawebbtelescope/51886374690,2022-02-16 14:09:53,unclassified
51886398810,promotional_other,Testing,"Guide graphic with ""Testing"" text and arrow icon. No observational data; purely instructional/interface element.",https://www.flickr.com/photos/nasawebbtelescope/51886398810,2022-02-16 14:26:23,unclassified
51888526797,promotional_other,Webb Model - Ishan & Pushkar Gijare,"Handmade paper/craft model of Webb telescope with children. Educational model submission, not observational data or hardware documentation.",https://www.flickr.com/photos/nasawebbtelescope/51888526797,2022-01-12 14:35:22,unclassified
51889495326,promotional_other,Webb Model - by Mustafa Alburbar,"Photo of a child holding a paper model of the Webb telescope. Outreach/educational content, not observational data or hardware documentation.",https://www.flickr.com/photos/nasawebbtelescope/51889495326,2022-02-18 14:09:13,unclassified
51915230267,promotional_other,Webb Model - by Kevser Dua,"A handmade paper/craft model of the Webb telescope held by a person. Hardware representation, not observational data or engineering documentation.",https://www.flickr.com/photos/nasawebbtelescope/51915230267,2022-03-03 14:54:21,unclassified
51917648936,promotional_other,Webb model - by Yuran Zhou,"Physical model/craft of Webb telescope, not observational data. Promotional outreach content from official model gallery.",https://www.flickr.com/photos/nasawebbtelescope/51917648936,2022-01-16 19:48:18,unclassified
51917708583,promotional_other,Webb Model - by Aiden Zhang,"A paper craft model of the Webb telescope made by a child. Hardware representation, not observational data or professional hardware engineering documentation.",https://www.flickr.com/photos/nasawebbtelescope/51917708583,2022-03-04 10:26:19,unclassified
51943217452,promotional_other,Coloring Page - by Swedish school kids,Coloring page template from outreach program; no observational data. Promotional educational material.,https://www.flickr.com/photos/nasawebbtelescope/51943217452,2022-03-17 14:50:44,observatory / engineering
51943217762,promotional_other,Coloring Page - by Swedish school kids,"Outreach coloring page featuring Webb telescope illustration, not observational data or hardware documentation.",https://www.flickr.com/photos/nasawebbtelescope/51943217762,2022-02-02 12:52:04,observatory / engineering
51943217992,promotional_other,Coloring Page - by Swedish school kids,"Child's hand-drawn coloring page illustration of Webb telescope and space. Educational outreach material, not observational data.",https://www.flickr.com/photos/nasawebbtelescope/51943217992,2022-02-02 12:44:52,observatory / engineering
51943218117,promotional_other,Coloring Page - by Swedish school kids,"Student coloring page, hand-drawn illustration, no observational data. Educational outreach material.",https://www.flickr.com/photos/nasawebbtelescope/51943218117,2022-02-02 12:31:55,observatory / engineering
51944124121,promotional_other,Webb Model - by Antara R,"This is a photo of a person holding a physical craft model of the Webb telescope, not observational data. It's an outreach/promotional image of an educational model.",https://www.flickr.com/photos/nasawebbtelescope/51944124121,2022-01-20 14:16:02,unclassified
51944242443,promotional_other,Webb Model - by Bipasha Goswami,"Handmade paper model of the Webb telescope itself, not observational data. Educational outreach material.",https://www.flickr.com/photos/nasawebbtelescope/51944242443,2022-01-24 23:05:35,unclassified
51944517694,promotional_other,Coloring Page - by Swedish school kids,"Student-colored drawing of Webb telescope; outreach/promotional material, not observational data.",https://www.flickr.com/photos/nasawebbtelescope/51944517694,2022-02-02 12:35:02,observatory / engineering
51944517879,promotional_other,Coloring Page - by Swedish school kids,"Coloring page by student; educational artwork, not observational data. Promotional/outreach content.",https://www.flickr.com/photos/nasawebbtelescope/51944517879,2022-02-02 12:45:06,observatory / engineering
51944809770,promotional_other,Coloring Page - by Swedish school kids,Educational coloring page by student; artwork/illustration with no observational data. Promotional outreach material.,https://www.flickr.com/photos/nasawebbtelescope/51944809770,2022-02-02 12:23:11,observatory / engineering
51944970240,promotional_other,Webb Model - by Simone Reddy,"Photo of a child with a paper model of the Webb telescope. Outreach and educational content, not observational data.",https://www.flickr.com/photos/nasawebbtelescope/51944970240,2022-02-20 09:56:44,unclassified
51970862957,promotional_other,Webb Model by Halil İbrahim OKUDUCU,"Portrait of person holding a handmade paper model of Webb telescope. Subject is the student and educational model, not observational data.",https://www.flickr.com/photos/nasawebbtelescope/51970862957,2022-03-30 16:19:05,unclassified
51972829717,promotional_other,Webb Model by Tanmay Anand,"Portrait of person holding a paper model of the Webb telescope. Educational outreach content, not an astronomical observation.",https://www.flickr.com/photos/nasawebbtelescope/51972829717,2022-03-31 15:22:09,unclassified
51974105244,promotional_other,Webb Model by Alex Benes Jr.,"Physical paper model of Webb telescope composited over starfield background. Educational outreach material, not observational data.",https://www.flickr.com/photos/nasawebbtelescope/51974105244,2022-03-05 12:10:39,unclassified
52005233657,promotional_other,Webb Model by Thomas Harvey,"LEGO/model recreation of Webb telescope against composite starfield background. Hardware representation, not observational data or actual instrument imagery.",https://www.flickr.com/photos/nasawebbtelescope/52005233657,2022-04-14 18:42:10,unclassified
52201718324,promotional_other,Webb's Diffraction Spikes (summary),"Explanatory infographic about Webb's hardware and optical properties, not observational data or hardware documentation.",https://www.flickr.com/photos/nasawebbtelescope/52201718324,2022-07-07 22:44:38,observatory / engineering
52204429463,promotional_other,Webb Model by V Someshvar Sharan,"This is a handmade physical model/craft of the Webb telescope, not observational data or hardware documentation. It is promotional/educational outreach content.",https://www.flickr.com/photos/nasawebbtelescope/52204429463,2022-07-09 11:13:15,unclassified
52210790747,promotional_other,Going Gold: NASA’s James Webb Space Telescope Celebrates First Images,"Building lit in JWST celebration; promotional event, not observational data or hardware engineering.",https://www.flickr.com/photos/nasawebbtelescope/52210790747,2022-07-11 22:56:06,observatory / engineering
52211815048,promotional_other,Going Gold: NASA’s James Webb Space Telescope Celebrates First Images,"The Empire State Building lit in gold to commemorate JWST's first images. This is a promotional event photograph, not an astronomical observation.",https://www.flickr.com/photos/nasawebbtelescope/52211815048,2022-07-11 20:45:28,observatory / engineering
52212281565,promotional_other,Going Gold: NASA’s James Webb Space Telescope Celebrates First Images,"Nighttime photograph of Empire State Building lit gold for JWST celebration. Promotional event, not an observation of space or telescope hardware.",https://www.flickr.com/photos/nasawebbtelescope/52212281565,2022-07-11 21:37:32,observatory / engineering
52260680058,promotional_other,Webb Model by Samarth Mudakavi,"A physical paper/craft model of the Webb telescope with a person posing. This is educational outreach material, not observational data or hardware engineering documentation.",https://www.flickr.com/photos/nasawebbtelescope/52260680058,2022-06-23 19:16:20,unclassified
52264516347,promotional_other,Webb's First Images Displayed in Times Square,"Times Square display of Webb images during public celebration event. Subject is the event itself, not observational data.",https://www.flickr.com/photos/nasawebbtelescope/52264516347,2022-07-12 17:35:35,observatory / engineering
52265505768,promotional_other,Webb's First Images Displayed in Times Square,"The subject is the public display in Times Square, not the astronomical observation. The Webb image is content shown on a billboard as part of a promotional event.",https://www.flickr.com/photos/nasawebbtelescope/52265505768,2022-07-12 17:35:25,observatory / engineering
52265747434,promotional_other,Webb's First Images Displayed in Times Square,"Promotional display of Webb imagery in public space. The primary subject is the event/installation, not the astronomical observation itself.",https://www.flickr.com/photos/nasawebbtelescope/52265747434,2022-07-12 17:35:50,observatory / engineering
52265754069,promotional_other,Webb's First Images Displayed in Times Square,"Times Square display of Webb images is promotional content, not an observation itself. The subject is the public display event.",https://www.flickr.com/photos/nasawebbtelescope/52265754069,2022-07-13 01:32:52,observatory / engineering
52273205312,promotional_other,Webb's First Images Displayed on Piccadilly Lights,"Display of Webb imagery on public billboard at Piccadilly Lights, a promotional event, not an observational product itself.",https://www.flickr.com/photos/nasawebbtelescope/52273205312,2022-07-13 17:45:20,unclassified
52274179381,promotional_other,Webb's First Images Displayed on Piccadilly Lights,"This is a photograph of an advertising display showing Webb observational data, not the observation itself. The subject is the public event/promotion, not astronomy.",https://www.flickr.com/photos/nasawebbtelescope/52274179381,2022-08-09 09:59:16,unclassified
52274188368,promotional_other,Webb's First Images Displayed on Piccadilly Lights,"This is a photograph of Webb images displayed on a public billboard in London, not an astronomical observation itself. The subject is the promotional display event.",https://www.flickr.com/photos/nasawebbtelescope/52274188368,2022-08-09 09:54:23,unclassified
52274198158,promotional_other,Webb's First Images Displayed on Piccadilly Lights,"Photo of Webb telescope images displayed on public screen in London. The subject is the promotional display event, not the astronomical observation itself.",https://www.flickr.com/photos/nasawebbtelescope/52274198158,2022-08-09 09:58:52,unclassified
52274437204,promotional_other,Webb's First Images Displayed on Piccadilly Lights,"Image shows promotional display of Webb imagery on Piccadilly Lights billboard, not observational data. Subject is the public event/display, not astronomy.",https://www.flickr.com/photos/nasawebbtelescope/52274437204,2022-08-09 09:58:28,unclassified
52373099987,promotional_other,Neptune Through the Years,"Three-panel comparison composite (Voyager, Hubble, Webb) highlighting telescope capabilities over time, not primarily an astronomical observation.",https://www.flickr.com/photos/nasawebbtelescope/52373099987,2022-09-21 09:48:43,solar system
52467821897,promotional_other,James Webb Space Telescope Pumpkin Carving - by Evaggelia Nianiou and Stamatis Zachos,"A carved pumpkin featuring a Webb-themed design. This is outreach/promotional content, not observational data of space.",https://www.flickr.com/photos/nasawebbtelescope/52467821897,2022-10-31 16:27:09,observatory / engineering
52468546549,promotional_other,James Webb Space Telescope Pumpkin Carving - by Kyle Stanley,"Pumpkin carvings of NASA Webb telescope designs and mission imagery. Outreach and promotional content, not observational data.",https://www.flickr.com/photos/nasawebbtelescope/52468546549,2022-10-31 16:03:50,observatory / engineering
52468626024,promotional_other,James Webb Space Telescope Pumpkin Carving - by Kenny Chan,Pumpkin carving artwork based on Webb telescope design. Outreach/promotional content with no observational data.,https://www.flickr.com/photos/nasawebbtelescope/52468626024,2022-10-31 16:39:31,observatory / engineering
52469905667,promotional_other,James Webb Space Telescope Pumpkin Carving - by Robby Swoish,"Carved pumpkin with hexagonal pattern inspired by Webb's NIRCam. Community outreach/promotional content, not scientific observation or data.",https://www.flickr.com/photos/nasawebbtelescope/52469905667,2022-10-30 22:08:07,observatory / engineering
52470254311,promotional_other,James Webb Space Telescope Pumpkin Carving - by Hillary Lipko,"Carved pumpkin with Webb-themed pattern. Promotional outreach content, not astronomical observation or hardware documentation.",https://www.flickr.com/photos/nasawebbtelescope/52470254311,2022-10-30 17:26:43,observatory / engineering
52470383146,promotional_other,James Webb Space Telescope Pumpkin Carving - by Toni Newell,"A decorative pumpkin carving with Webb telescope design. It is a promotional item for NASA outreach, not observational data or hardware documentation.",https://www.flickr.com/photos/nasawebbtelescope/52470383146,2022-10-30 16:43:53,observatory / engineering
52470412196,promotional_other,James Webb Space Telescope Pumpkin Carving - by Kristina Girčytė,A creative pumpkin carving depicting the Webb telescope. This is community outreach content and not an observational product or mission documentation.,https://www.flickr.com/photos/nasawebbtelescope/52470412196,2022-10-28 22:39:48,observatory / engineering
52470454446,promotional_other,James Webb Space Telescope Pumpkin Carving - by Lauren Kelly,"A pumpkin carving is promotional/outreach content, not astronomical data or telescope hardware. It's fan-created using NASA's carving patterns.",https://www.flickr.com/photos/nasawebbtelescope/52470454446,2022-11-01 14:24:06,observatory / engineering
52470529896,promotional_other,James Webb Space Telescope Pumpkin Carving - by Eric Koch,"Pumpkin carving is promotional outreach activity, not observational data. This is a carved pumpkin featuring Webb's primary mirror design.",https://www.flickr.com/photos/nasawebbtelescope/52470529896,2022-11-01 15:02:21,observatory / engineering
52470803684,promotional_other,James Webb Space Telescope Pumpkin Carving - by Rob Simcoe,"A carved pumpkin featuring Webb hexagon pattern from a promotional outreach activity, not observational data.",https://www.flickr.com/photos/nasawebbtelescope/52470803684,2022-11-01 15:02:18,observatory / engineering
52470854190,promotional_other,James Webb Space Telescope Pumpkin Carving - by Mike Miller,"This is a pumpkin carving craft featuring Webb's hexagonal mirror design, not observational data. It's promotional outreach content.",https://www.flickr.com/photos/nasawebbtelescope/52470854190,2022-10-30 14:32:27,observatory / engineering
52470963963,promotional_other,James Webb Space Telescope Pumpkin Carving - by Larry Baskett,"Creative pumpkin carving inspired by JWST, Star Wars, and honeybees. Outreach/promotional content, not observational data.",https://www.flickr.com/photos/nasawebbtelescope/52470963963,2022-11-01 14:10:22,observatory / engineering
52470977608,promotional_other,James Webb Space Telescope Pumpkin Carving - by Larry Baskett,"Creative pumpkin carving inspired by JWST design; promotional/outreach content, not observational data.",https://www.flickr.com/photos/nasawebbtelescope/52470977608,2022-11-01 14:16:18,observatory / engineering
52719506236,promotional_other,Webb Model by Huiwei & Yao Zhu,"Portrait of person holding a physical scale model of Webb telescope. Educational outreach artifact, not observational data or hardware engineering documentation.",https://www.flickr.com/photos/nasawebbtelescope/52719506236,2022-08-14 17:15:49,unclassified
52719506431,promotional_other,Webb Model by Huiwei & Yao Zhu,"Physical scale model of the Webb telescope submitted to educational model gallery, not observational data.",https://www.flickr.com/photos/nasawebbtelescope/52719506431,2022-08-03 14:39:10,unclassified
52719841194,promotional_other,Webb Model by Park Jidam,"A student's craft model of the Webb telescope, not observational data. Promotional/outreach educational submission.",https://www.flickr.com/photos/nasawebbtelescope/52719841194,2022-08-12 17:32:51,unclassified
52720063468,promotional_other,Webb Model by Park Jidam,"A child's handmade model of the Webb telescope, not an observation or hardware engineering documentation. Outreach activity.",https://www.flickr.com/photos/nasawebbtelescope/52720063468,2022-08-20 19:17:57,unclassified
52720574565,promotional_other,Webb Model by Laurent Asselin,"A physical scale model of the Webb telescope photographed against a nebula backdrop. Educational community submission, not an observation of space.",https://www.flickr.com/photos/nasawebbtelescope/52720574565,2023-03-01 17:16:41,unclassified
53043821649,promotional_other,Webb Model by Muskaan Gupta,"A student's handmade Webb telescope model displayed at a school science project. The subject is hardware/an educational model, not observational data or astronomy.",https://www.flickr.com/photos/nasawebbtelescope/53043821649,2023-02-24 08:08:13,unclassified
53062220790,promotional_other,Webb Model by Ashima Khatri,"Photo of a child holding a paper model of the Webb telescope. This is an educational/outreach artifact, not observational data or hardware.",https://www.flickr.com/photos/nasawebbtelescope/53062220790,2022-01-16 12:16:51,unclassified
53285658284,promotional_other,James Webb Space Telescope Pumpkin Carving - by Jim Flis,"Carved pumpkin with Webb telescope carving pattern; promotional/community outreach content, not observational data.",https://www.flickr.com/photos/nasawebbtelescope/53285658284,2023-10-25 14:21:11,observatory / engineering
53285749400,promotional_other,James Webb Space Telescope Pumpkin Carving - by Jim Flis,"Pumpkin carving craft project showing JWST hexagonal mirror pattern. Promotional outreach content, not observational data.",https://www.flickr.com/photos/nasawebbtelescope/53285749400,2023-10-25 14:21:11,unclassified
53300925659,promotional_other,James Webb Space Telescope Pumpkin Carving - by Zack Seese,"Pumpkin carving is an outreach/promotional activity. Subject is a carved pumpkin with JWST aperture pattern, not observational data.",https://www.flickr.com/photos/nasawebbtelescope/53300925659,2023-10-26 19:18:30,observatory / engineering
53300925694,promotional_other,James Webb Space Telescope Pumpkin Carving - by Brad Tucker,"A carved and illuminated pumpkin with a hexagonal pattern inspired by Webb's NIRCam design. It is a promotional/outreach decoration, not observational data or hardware documentation.",https://www.flickr.com/photos/nasawebbtelescope/53300925694,2023-10-27 19:55:11,observatory / engineering
53301032525,promotional_other,James Webb Space Telescope Pumpkin Carving - by Zack Seese,"A pumpkin carved with a Webb-inspired design. This is a promotional/outreach item, not observational data or hardware.",https://www.flickr.com/photos/nasawebbtelescope/53301032525,2023-10-26 17:39:25,observatory / engineering
53301645237,promotional_other,James Webb Space Telescope Pumpkin Carving - by Adam Denko,"User-submitted Halloween pumpkin carving with Webb-themed designs. Promotional outreach content, not astronomical observation.",https://www.flickr.com/photos/nasawebbtelescope/53301645237,2023-11-01 10:30:12,observatory / engineering
53301693012,promotional_other,James Webb Space Telescope Pumpkin Carving - by Francois Guimbretiere and Family 2,Pumpkin carving artwork—promotional activity unrelated to Webb observations or hardware.,https://www.flickr.com/photos/nasawebbtelescope/53301693012,2023-10-28 18:36:39,observatory / engineering
53302926524,promotional_other,James Webb Space Telescope Pumpkin Carving - by Francois Guimbretiere and Family 1,"A carved pumpkin is promotional outreach content, not an astronomical observation or telescope hardware.",https://www.flickr.com/photos/nasawebbtelescope/53302926524,2023-10-31 16:38:41,observatory / engineering
53545429311,promotional_other,Webb Model by Eloi Gabriel,"Paper craft model of Webb telescope submitted by child for outreach/educational program, not observational data or hardware.",https://www.flickr.com/photos/nasawebbtelescope/53545429311,2024-02-22 11:44:13,unclassified
53545652268,promotional_other,Coloring Page - by Juliana Zúñiga Cruz,"Coloring page artwork by community member; promotional outreach material, not observational data or engineering documentation.",https://www.flickr.com/photos/nasawebbtelescope/53545652268,2024-02-22 12:05:33,observatory / engineering
53545652308,promotional_other,Coloring Page - by Juliana Juliana Zúñiga Cruz,"A colored-in coloring page artwork by a community member. Contains telescope representation but is an illustration/creative work, not observational data.",https://www.flickr.com/photos/nasawebbtelescope/53545652308,2023-12-20 17:35:57,observatory / engineering
53545888600,promotional_other,Coloring Page - by Shreyas from India,Child's colored drawing of Webb launch. No observational data; outreach/engagement content.,https://www.flickr.com/photos/nasawebbtelescope/53545888600,2024-02-22 11:57:27,observatory / engineering
53545888605,promotional_other,Coloring Page - by Shravani from India,Hand-drawn coloring page completed by a student. Not observational data or hardware; promotional/educational outreach content.,https://www.flickr.com/photos/nasawebbtelescope/53545888605,2024-02-22 11:57:28,observatory / engineering
53559995766,promotional_other,Webb Model by Aliya Warsi,"A hand-made paper model of the Webb telescope, not observational data. This is an outreach/educational activity submission.",https://www.flickr.com/photos/nasawebbtelescope/53559995766,2024-02-29 15:07:12,unclassified
53596645717,promotional_other,"#UnfoldTheUniverse art and original song - by Gary Le Coski","This is promotional artwork for the #UnfoldTheUniverse campaign featuring an original song and stylized illustration, not observational data or hardware documentation.",https://www.flickr.com/photos/nasawebbtelescope/53596645717,2022-05-12 00:45:00,unclassified
53599918878,promotional_other,Webb Model by Diogo Fortino Garcia Barone Goes,"Image shows a child with a paper model of the Webb telescope. This is an outreach/educational promotional material, not astronomical observation or hardware documentation.",https://www.flickr.com/photos/nasawebbtelescope/53599918878,2024-03-20 11:05:35,unclassified
53989393312,promotional_other,Webb Model by Sherwyn Dias,"School student project model of Webb telescope displayed at science exhibition. Educational outreach artifact, not observational data.",https://www.flickr.com/photos/nasawebbtelescope/53989393312,2024-09-12 14:02:05,unclassified
54008259247,promotional_other,1000 Days in Space for Webb,"Composite graphic celebrating 1000 days, spelling ""1000"" with edited images and an artist's depiction of the spacecraft itself. Promotional anniversary content, not a scientific observation.",https://www.flickr.com/photos/nasawebbtelescope/54008259247,2024-09-20 14:44:21,observatory / engineering
54082928741,promotional_other,James Webb Space Telescope Pumpkin Carving - by Brad Tippett,"Pumpkin carving contest entry showing Webb hexagon mirror pattern. Creative fan art, not astronomical data or hardware.",https://www.flickr.com/photos/nasawebbtelescope/54082928741,2024-10-21 10:42:59,observatory / engineering
54654473579,promotional_other,Three Years of Wonder - the James Webb Space Telescope Infographic,"Infographic summarizing Webb mission statistics. Contains an artist illustration of the telescope, not observational data. Mission anniversary/promotional material.",https://www.flickr.com/photos/nasawebbtelescope/54654473579,2025-07-14 10:54:06,observatory / engineering
55104192252,promotional_other,By Topic,Guide graphic for album view navigation; no observational data or space content.,https://www.flickr.com/photos/nasawebbtelescope/55104192252,2026-02-19 15:48:31,unclassified
55207784938,promotional_other,Voting: Webb Webby til April 16th!,"Webby Awards voting promotional graphic. Large text overlay and award logo make this promotional material, not scientific observation despite underlying astronomical image.",https://www.flickr.com/photos/nasawebbtelescope/55207784938,2026-04-14 14:56:40,
